[{"category":"Furniture ",
  "item":"Bedside unit, cabinet or table",
  "material":"Wood"},
 {"category":"Furniture ",
  "item":"Bench, kitchen or garden, solid wood",
  "material":"Wood"},
 {"category":"Furniture ",
  "item":"Blanket box, Ottoman",
  "material":"Wood"},
 {"category":"Furniture ",
  "item":"Bookcase \/ Shelving Unit",
  "material":"Wood"},
 {"category":"Furniture ",
  "item":"Cabinet (display & kitchen), Bureau",
  "material":"Wood"},
 {"category":"Furniture ",
  "item":"Chair, Kitchen, Dining or Wooden",
  "material":"Wood"},
 {"category":"Furniture ",
  "item":"Chest-of-Drawers, Tallboy",
  "material":"Wood"},
 {"category":"Furniture ",
  "item":"Small Desk, Computer Table",
  "material":"Wood"},
 {"category":"Furniture ", "item":"Large Desk", "material":"Wood"},
 {"category":"Furniture ",
  "item":"Dressing table ",
  "material":"Wood"},
 {"category":"Furniture ", "item":"Fire surround ", "material":
                                                    "Wood"},
 {"category":"Furniture ",
  "item":"Grandfather clock ",
  "material":"Wood"},
 {"category":"Furniture ",
  "item":"Headboard unit (with built-in bedside cabinets) ",
  "material":"Wood"},
 {"category":"Furniture ", "item":"Headboard", "material":"Wood"},
 {"category":"Furniture ",
  "item":"TV \/ Hi-fi unit ",
  "material":"Wood"},
 {"category":"Furniture ", "item":"Piano", "material":"Wood"},
 {"category":"Furniture ",
  "item":"Sideboard, not large ",
  "material":"Wood"},
 {"category":"Furniture ",
  "item":"Table small eg. Cane, coffee, occassional, nest of ",
  "material":"Wood"},
 {"category":"Furniture ",
  "item":"Table, large e.g. dining",
  "material":"Wood"},
 {"category":"Furniture ",
  "item":"Table, medium e.g. kitchen",
  "material":"Wood"},
 {"category":"Furniture ", "item":"Wall unit", "material":"Wood"},
 {"category":"Furniture ",
  "item":"Wardrobe, double ",
  "material":"Wood"},
 {"category":"Furniture ",
  "item":"Wardrobe, single ",
  "material":"Wood"},
 {"category":"Furniture ", "item":"Welsh Dresser ", "material":
                                                    "Wood"},
 {"category":"Home Office Furniture ",
  "item":"Cabinet, large",
  "material":"Scrap Metal"},
 {"category":"Home Office Furniture ",
  "item":"Filing cabinet, large ",
  "material":"Scrap Metal"},
 {"category":"Home Office Furniture ",
  "item":"Cabinet or filing cabinet, small",
  "material":"Scrap Metal"},
 {"category":"Home Office Furniture ",
  "item":"Office Chair ",
  "material":"Wood"},
 {"category":"Home Office Furniture ",
  "item":"Office Desk ",
  "material":"Wood"},
 {"category":"Soft Furniture ",
  "item":"2 seater sofa",
  "material":"Textiles and Footwear"},
 {"category":"Soft Furniture ",
  "item":"3 seater sofa",
  "material":"Textiles and Footwear"},
 {"category":"Soft Furniture ",
  "item":"Armchair ",
  "material":"Textiles and Footwear"},
 {"category":"Soft Furniture ",
  "item":"Recliner",
  "material":"Textiles and Footwear"},
 {"category":"Soft Furniture ",
  "item":"Bed, single complete (base, mattress + headboard) ",
  "material":"Textiles and Footwear"},
 {"category":"Soft Furniture ",
  "item":"Bed, double complete (base, mattress + headboard) ",
  "material":"Textiles and Footwear"},
 {"category":"Soft Furniture ",
  "item":"Bed, king-size complete (base, mattress + headboard) ",
  "material":"Textiles and Footwear"},
 {"category":"Soft Furniture ",
  "item":"Bed base, single wood \/ divan \/ folding \/ Z bed ",
  "material":"Wood"},
 {"category":"Soft Furniture ",
  "item":"Bed base, double wood \/ divan \/ folding \/ Z bed ",
  "material":"Wood"},
 {"category":"Soft Furniture ",
  "item":"Bed base, king-size wood, divan or double metal ",
  "material":"Wood"},
 {"category":"Soft Furniture ",
  "item":"Bunk bed \/ cabin bed ",
  "material":"Wood"},
 {"category":"Soft Furniture ",
  "item":"Cane chair, bookcase",
  "material":"Wood"},
 {"category":"Soft Furniture ",
  "item":"Chair, easy, fireside, lounge, rocking",
  "material":"Wood"},
 {"category":"Soft Furniture ",
  "item":"Chaise Longue ",
  "material":"Wood"},
 {"category":"Soft Furniture ",
  "item":"Futon \/ Sofabed (wooden base with mattress) ",
  "material":"Textiles and Footwear"},
 {"category":"Soft Furniture ",
  "item":"Mattress, single ",
  "material":"Textiles and Footwear"},
 {"category":"Soft Furniture ",
  "item":"Mattress, double ",
  "material":"Textiles and Footwear"},
 {"category":"Soft Furniture ",
  "item":"Mattress, king-size ",
  "material":"Textiles and Footwear"},
 {"category":"Soft Furniture ",
  "item":"Pouffe \/ Stool",
  "material":"Textiles and Footwear"},
 {"category":"Soft Furniture ",
  "item":"Sofa bed, foam flop out ",
  "material":"Textiles and Footwear"},
 {"category":"Soft Furniture ",
  "item":"Sofa bed, metal frame ",
  "material":"Scrap Metal"},
 {"category":"Soft Furniture ",
  "item":"Sofa, cane \/ conservatory (normally with cushions) ",
  "material":"Wood"},
 {"category":"Bric-a-Brac",
  "item":"Bric-a-Brac (small packet) ",
  "material":"Average Plastics"},
 {"category":"Bric-a-Brac",
  "item":"Bric-a-Brac (box) ",
  "material":"Scrap Metal"},
 {"category":"Children's Items", "item":"Cot ", "material":"Wood"},
 {"category":"Children's Items",
  "item":"High Chair",
  "material":"Wood"},
 {"category":"Children's Items",
  "item":"Pram",
  "material":"Scrap Metal"},
 {"category":"Children's Items",
  "item":"Pushchair",
  "material":"Scrap Metal"},
 {"category":"Children's Items",
  "item":"Stairgate",
  "material":"Average Plastics"},
 {"category":"Children's Items",
  "item":"Toys, box",
  "material":"Average Plastics"},
 {"category":"Leisure",
  "item":"Bike, adult",
  "material":"Scrap Metal"},
 {"category":"Leisure",
  "item":"Bike, child",
  "material":"Scrap Metal"},
 {"category":"Miscellaneous",
  "item":
  "Small misc, eg scales, saucepans, shoe racks, pedal bin, picture, magazine rack, fireguard, CD stand, picture frame, curtain pole, lampshade, suitcase, wine rack, Christmas tree",
  "material":"Wood"},
 {"category":"Miscellaneous",
  "item":
  "Medium misc, eg tea trolley, ironing board, plant stand, coat or hat stand, small mirror, clothes horse, ",
  "material":"Wood"},
 {"category":"Miscellaneous",
  "item":
  "Large misc, eg carpet cleaner, large mirror, ladder, laundry basket, loose shelves",
  "material":"Wood"},
 {"category":"Flooring",
  "item":
  "Carpet tiles, lino,  carpet, flooring or underlay for standard room 12'x12'",
  "material":"Textiles and Footwear"},
 {"category":"Flooring",
  "item":"Small rug 3'x6'",
  "material":"Textiles and Footwear"},
 {"category":"Bedding & window dressings",
  "item":"Pillow, pillow case",
  "material":"Textiles"},
 {"category":"Bedding & window dressings",
  "item":"Sheet",
  "material":"Textiles"},
 {"category":"Bedding & window dressings",
  "item":"Blanket, towel, throw, duvet cover",
  "material":"Textiles"},
 {"category":"Bedding & window dressings",
  "item":"Blinds (fabric), light or mid weight curtains",
  "material":"Textiles"},
 {"category":"Bedding & window dressings",
  "item":"Blinds (wood, metal), curtains (thick, lined)",
  "material":"Textiles"},
 {"category":"Bathroom Items ",
  "item":"Bath (metal) ",
  "material":"Scrap Metal"},
 {"category":"Bathroom Items ",
  "item":"Bath (non-metal) ",
  "material":"Average plastic rigid (including bottles)"},
 {"category":"Bathroom Items ",
  "item":"Bathroom Cabinet \/Shower Screen",
  "material":"Average plastic rigid (including bottles)"},
 {"category":"Bathroom Items ",
  "item":"Cistern ",
  "material":"Plasterboard"},
 {"category":"Bathroom Items ",
  "item":"Shower equipment\/tray ",
  "material":"Plasterboard"},
 {"category":"Bathroom Items ",
  "item":"Sink (ceramic) ",
  "material":"Plasterboard"},
 {"category":"Bathroom Items ",
  "item":"Sink (metal) ",
  "material":"Scrap Metal"},
 {"category":"Bathroom Items ",
  "item":"Toilet ",
  "material":"Plasterboard"},
 {"category":"Bathroom Items ",
  "item":"Vanity Unit, including sink ",
  "material":"Wood"},
 {"category":"DIY",
  "item":"Door (pvc)",
  "material":"PVC (including forming)"},
 {"category":"DIY", "item":"Door (wood) ", "material":"Wood"},
 {"category":"DIY", "item":"Gate (metal) ", "material":"Scrap Metal"},
 {"category":"DIY", "item":"Gate (wood)", "material":"Wood"},
 {"category":"DIY",
  "item":"Paint  (5l)",
  "material":"Batteries (Post Consumer Non Automotive)"},
 {"category":"DIY",
  "item":"Patio door",
  "material":"PVC (including forming)"},
 {"category":"DIY",
  "item":"Tiles (ceramic), per square metre",
  "material":"Plasterboard"},
 {"category":"DIY", "item":"Window (wood)", "material":"Wood"},
 {"category":"DIY",
  "item":"Window (glazed)",
  "material":"PVC (including forming)"},
 {"category":"DIY", "item":"Worktop (kitchen) ", "material":"Wood"},
 {"category":"Garden", "item":"BBQ", "material":"Scrap Metal"},
 {"category":"Garden",
  "item":"Chair (metal, plastic or wood)",
  "material":"PVC (including forming)"},
 {"category":"Garden",
  "item":"Lounger ",
  "material":"PVC (including forming)"},
 {"category":"Garden",
  "item":"Rotary Drier ",
  "material":"Scrap Metal"},
 {"category":"Garden",
  "item":"Table (metal, plastic or wood)",
  "material":"PVC (including forming)"},
 {"category":"Garden",
  "item":"Tool (large) i.e. spade, fork",
  "material":"Scrap Metal"},
 {"category":"Garden",
  "item":"Tool (small) i.e. trowel",
  "material":"Scrap Metal"},
 {"category":"Garden",
  "item":"Waterbutt",
  "material":"PVC (including forming)"},
 {"category":"Garden",
  "item":"Wheelbarrow ",
  "material":"Scrap Metal"},
 {"category":"Gas Appliances",
  "item":"Cooker, gas",
  "material":"WEEE - Large"},
 {"category":"Gas Appliances",
  "item":"Hob, gas",
  "material":"WEEE - Large"},
 {"category":"Gas Appliances",
  "item":"Fire, gas",
  "material":"WEEE - Large"},
 {"category":"Cat 1 - Large Household Appliances",
  "item":"Baby belling, counter top cooker, hostess trolley ",
  "material":"WEEE - Large"},
 {"category":"Cat 1 - Large Household Appliances",
  "item":"Cooker hood",
  "material":"WEEE - Large"},
 {"category":"Cat 1 - Large Household Appliances",
  "item":"Cooker, electric ",
  "material":"WEEE - Large"},
 {"category":"Cat 1 - Large Household Appliances",
  "item":"Dishwasher ",
  "material":"WEEE - Large"},
 {"category":"Cat 1 - Large Household Appliances",
  "item":"Spin-Dryer ",
  "material":"WEEE - Large"},
 {"category":"Cat 1 - Large Household Appliances",
  "item":"Tumble-Dryer ",
  "material":"WEEE - Large"},
 {"category":"Cat 1 - Large Household Appliances",
  "item":"Twin-tub ",
  "material":"WEEE - Large"},
 {"category":"Cat 1 - Large Household Appliances",
  "item":"Washer Drier",
  "material":"WEEE - Large"},
 {"category":"Cat 1 - Large Household Appliances",
  "item":"Washing Machine ",
  "material":"WEEE - Large"},
 {"category":"Cat 2 - Small Household Appliances",
  "item":"Electric sewing maching",
  "material":"WEEE - Small"},
 {"category":"Cat 2 - Small Household Appliances",
  "item":"Fan (electric) ",
  "material":"WEEE - Small"},
 {"category":"Cat 2 - Small Household Appliances",
  "item":"Fan heater",
  "material":"WEEE - Small"},
 {"category":"Cat 2 - Small Household Appliances",
  "item":"Fire",
  "material":"WEEE - Small"},
 {"category":"Cat 2 - Small Household Appliances",
  "item":
  "Hair & Beauty Elec  i.e. hair dryer, foot massager, hair curlers, hair straighteners",
  "material":"WEEE - Small"},
 {"category":"Cat 2 - Small Household Appliances",
  "item":"Hob, electric",
  "material":"WEEE - Small"},
 {"category":"Cat 2 - Small Household Appliances",
  "item":"Medium elec - bread machine, video camera, trouser press",
  "material":"WEEE - Small"},
 {"category":"Cat 2 - Small Household Appliances",
  "item":"Microwave ",
  "material":"WEEE - Small"},
 {"category":"Cat 2 - Small Household Appliances",
  "item":"Radiator",
  "material":"WEEE - Small"},
 {"category":"Cat 2 - Small Household Appliances",
  "item":
  "Small elec - kettle, toaster, clock, sandwich maker,coffee maker, juicer, rice cooker ,steamer, iron, food mixer",
  "material":"WEEE - Small"},
 {"category":"Cat 2 - Small Household Appliances",
  "item":"Vacuum ",
  "material":"WEEE - Small"},
 {"category":"Cat 3 - IT & Telecommunications",
  "item":"Computer, base unit",
  "material":"WEEE - Mixed"},
 {"category":"Cat 3 - IT & Telecommunications",
  "item":"Laptop",
  "material":"WEEE - Mixed"},
 {"category":"Cat 3 - IT & Telecommunications",
  "item":"Mobile Phone & Accessories (hands free kit, charger)",
  "material":"WEEE - Mixed"},
 {"category":"Cat 3 - IT & Telecommunications",
  "item":"PC Accessories (keyboard, mouse)",
  "material":"WEEE - Mixed"},
 {"category":"Cat 3 - IT & Telecommunications",
  "item":"PC Printers, Scanners, Shredder",
  "material":"WEEE - Mixed"},
 {"category":"Cat 3 - IT & Telecommunications",
  "item":"Photocopier ",
  "material":"WEEE - Mixed"},
 {"category":"Cat 3 - IT & Telecommunications",
  "item":"Telecommunications equipment",
  "material":"WEEE - Mixed"},
 {"category":"Cat 3 - IT & Telecommunications",
  "item":"Wordprocessor, Electric Typewriter",
  "material":"WEEE - Mixed"},
 {"category":"Cat 4 - Consumer Equipment",
  "item":"Hi-fi, integrated",
  "material":"WEEE - Mixed"},
 {"category":"Cat 4 - Consumer Equipment",
  "item":
  "Hi-fi, separates (amplifier, cassette deck, CD player, radio, speakers)",
  "material":"WEEE - Mixed"},
 {"category":"Cat 4 - Consumer Equipment",
  "item":"Video, DVD, Games Consoles, Digiboxes",
  "material":"WEEE - Mixed"},
 {"category":"Cat 5 - Lighting Equipment",
  "item":"Lamp \/ Light",
  "material":"WEEE - Mixed"},
 {"category":"Cat 6 - Electrical & Electronic Tools",
  "item":
  "Garden tools, electrical (small) i.e. strimmer, hedge cutter, garden vac",
  "material":"WEEE - Mixed"},
 {"category":"Cat 6 - Electrical & Electronic Tools",
  "item":"Garden tools, electrical (large) i.e. lawnmower, shredder",
  "material":"WEEE - Mixed"},
 {"category":"Cat 6 - Electrical & Electronic Tools",
  "item":"Power Tools i.e. drill, electric screwdriver",
  "material":"WEEE - Mixed"},
 {"category":"Cat 7 - Toys, leisure & sports",
  "item":"Musical Instruments i.e. keyboard, organ",
  "material":"WEEE - Mixed"},
 {"category":"Cat 7 - Toys, leisure & sports",
  "item":"Sunbed",
  "material":"WEEE - Large"},
 {"category":"Cat 8 - Medical devices",
  "item":"Electric Armchair",
  "material":"WEEE - Large"},
 {"category":"Cat 8 - Medical devices",
  "item":"Electric Bed, double",
  "material":"WEEE - Large"},
 {"category":"Cat 8 - Medical devices",
  "item":"Electric Bed, single",
  "material":"WEEE - Large"},
 {"category":"Cat 8 - Medical devices",
  "item":"Electric Wheelchair",
  "material":"WEEE - Large"},
 {"category":"Cat 11 - Display Equipment",
  "item":"CRT-Monitor <14\" ",
  "material":"WEEE - Mixed"},
 {"category":"Cat 11 - Display Equipment",
  "item":"CRT-Monitor 14\" ",
  "material":"WEEE - Mixed"},
 {"category":"Cat 11 - Display Equipment",
  "item":"CRT-Monitor 15\" ",
  "material":"WEEE - Mixed"},
 {"category":"Cat 11 - Display Equipment",
  "item":"CRT-Monitor 17\" ",
  "material":"WEEE - Mixed"},
 {"category":"Cat 11 - Display Equipment",
  "item":"CRT-Monitor 19\" ",
  "material":"WEEE - Mixed"},
 {"category":"Cat 11 - Display Equipment",
  "item":"CRT-Monitor 21\" ",
  "material":"WEEE - Mixed"},
 {"category":"Cat 11 - Display Equipment",
  "item":"TV Portable or TV Combi",
  "material":"WEEE - Mixed"},
 {"category":"Cat 11 - Display Equipment",
  "item":"Flat screen display 15-17\"",
  "material":"WEEE - Mixed"},
 {"category":"Cat 11 - Display Equipment",
  "item":"Flat screen display 19-20\"",
  "material":"WEEE - Mixed"},
 {"category":"Cat 11 - Display Equipment",
  "item":"Flat screen display 22-24\"",
  "material":"WEEE - Mixed"},
 {"category":"Cat 11 - Display Equipment",
  "item":"Flat screen display 26-30\"",
  "material":"WEEE - Mixed"},
 {"category":"Cat 11 - Display Equipment",
  "item":"Flat screen display 32-37\"",
  "material":"WEEE - Mixed"},
 {"category":"Cat 11 - Display Equipment",
  "item":"Flat screen display 40-46\"",
  "material":"WEEE - Mixed"},
 {"category":"Cat 12 - Cooling Appliances containing refrigeration",
  "item":"Air Conditioner, Dehumidifier",
  "material":"WEEE - Mixed"},
 {"category":"Cat 12 - Cooling Appliances containing refrigeration",
  "item":"Freezer, chest ",
  "material":"WEEE - Fridges and Freezers"},
 {"category":"Cat 12 - Cooling Appliances containing refrigeration",
  "item":"Freezer, free standing",
  "material":"WEEE - Fridges and Freezers"},
 {"category":"Cat 12 - Cooling Appliances containing refrigeration",
  "item":"Freezer \/ Fridge, table top",
  "material":"WEEE - Fridges and Freezers"},
 {"category":"Cat 12 - Cooling Appliances containing refrigeration",
  "item":"Freezer, undercounter",
  "material":"WEEE - Fridges and Freezers"},
 {"category":"Cat 12 - Cooling Appliances containing refrigeration",
  "item":"Fridge, free standing",
  "material":"WEEE - Fridges and Freezers"},
 {"category":"Cat 12 - Cooling Appliances containing refrigeration",
  "item":"Fridge, undercounter",
  "material":"WEEE - Fridges and Freezers"},
 {"category":"Cat 12 - Cooling Appliances containing refrigeration",
  "item":"Fridge-Freezer ",
  "material":"WEEE - Fridges and Freezers"}]
