[{"quarter":2,
  "material":"Household and similar wastes",
  "recycling?":false,
  "missed-bin?":true,
  "tonnes":60.42,
  "year":2020,
  "region":"Stirling"},
 {"quarter":2,
  "material":"Animal and mixed food waste",
  "recycling?":false,
  "missed-bin?":false,
  "tonnes":2002.00,
  "year":2020,
  "region":"Stirling"},
 {"quarter":2,
  "material":"Plastic wastes",
  "recycling?":true,
  "missed-bin?":true,
  "tonnes":16.08,
  "year":2020,
  "region":"Stirling"},
 {"quarter":4,
  "material":"Paper and cardboard wastes",
  "recycling?":true,
  "missed-bin?":true,
  "tonnes":5.72,
  "year":2020,
  "region":"Stirling"},
 {"quarter":4,
  "material":"Plastic wastes",
  "recycling?":true,
  "missed-bin?":false,
  "tonnes":461.38,
  "year":2020,
  "region":"Stirling"},
 {"quarter":3,
  "material":"Animal and mixed food waste",
  "recycling?":false,
  "missed-bin?":true,
  "tonnes":21.80,
  "year":2020,
  "region":"Stirling"},
 {"quarter":1,
  "material":"Household and similar wastes",
  "recycling?":false,
  "missed-bin?":true,
  "tonnes":55.44,
  "year":2020,
  "region":"Stirling"},
 {"quarter":4,
  "material":"Paper and cardboard wastes",
  "recycling?":true,
  "missed-bin?":false,
  "tonnes":853.28,
  "year":2020,
  "region":"Stirling"},
 {"quarter":1,
  "material":"Plastic wastes",
  "recycling?":true,
  "missed-bin?":false,
  "tonnes":533.46,
  "year":2020,
  "region":"Stirling"},
 {"quarter":3,
  "material":"Plastic wastes",
  "recycling?":true,
  "missed-bin?":true,
  "tonnes":1.48,
  "year":2020,
  "region":"Stirling"},
 {"quarter":2,
  "material":"Glass wastes",
  "recycling?":true,
  "missed-bin?":false,
  "tonnes":566.34,
  "year":2020,
  "region":"Stirling"},
 {"quarter":3,
  "material":"Glass wastes",
  "recycling?":true,
  "missed-bin?":true,
  "tonnes":2.50,
  "year":2020,
  "region":"Stirling"},
 {"quarter":3,
  "material":"Household and similar wastes",
  "recycling?":false,
  "missed-bin?":false,
  "tonnes":4144.14,
  "year":2020,
  "region":"Stirling"},
 {"quarter":4,
  "material":"Plastic wastes",
  "recycling?":true,
  "missed-bin?":true,
  "tonnes":1.38,
  "year":2020,
  "region":"Stirling"},
 {"quarter":4,
  "material":"Animal and mixed food waste",
  "recycling?":false,
  "missed-bin?":true,
  "tonnes":3.58,
  "year":2020,
  "region":"Stirling"},
 {"quarter":1,
  "material":"Glass wastes",
  "recycling?":true,
  "missed-bin?":true,
  "tonnes":0.34,
  "year":2020,
  "region":"Stirling"},
 {"quarter":3,
  "material":"Paper and cardboard wastes",
  "recycling?":true,
  "missed-bin?":false,
  "tonnes":984.12,
  "year":2020,
  "region":"Stirling"},
 {"quarter":2,
  "material":"Plastic wastes",
  "recycling?":true,
  "missed-bin?":false,
  "tonnes":566.82,
  "year":2020,
  "region":"Stirling"},
 {"quarter":1,
  "material":"Plastic wastes",
  "recycling?":true,
  "missed-bin?":true,
  "tonnes":1.16,
  "year":2020,
  "region":"Stirling"},
 {"quarter":3,
  "material":"Plastic wastes",
  "recycling?":true,
  "missed-bin?":false,
  "tonnes":564.72,
  "year":2020,
  "region":"Stirling"},
 {"quarter":1,
  "material":"Paper and cardboard wastes",
  "recycling?":true,
  "missed-bin?":true,
  "tonnes":5.90,
  "year":2020,
  "region":"Stirling"},
 {"quarter":3,
  "material":"Paper and cardboard wastes",
  "recycling?":true,
  "missed-bin?":true,
  "tonnes":4.64,
  "year":2020,
  "region":"Stirling"},
 {"quarter":1,
  "material":"Household and similar wastes",
  "recycling?":false,
  "missed-bin?":false,
  "tonnes":3601.22,
  "year":2020,
  "region":"Stirling"},
 {"quarter":2,
  "material":"Glass wastes",
  "recycling?":true,
  "missed-bin?":true,
  "tonnes":22.72,
  "year":2020,
  "region":"Stirling"},
 {"quarter":1,
  "material":"Paper and cardboard wastes",
  "recycling?":true,
  "missed-bin?":false,
  "tonnes":831.26,
  "year":2020,
  "region":"Stirling"},
 {"quarter":3,
  "material":"Household and similar wastes",
  "recycling?":false,
  "missed-bin?":true,
  "tonnes":50.98,
  "year":2020,
  "region":"Stirling"},
 {"quarter":2,
  "material":"Animal and mixed food waste",
  "recycling?":false,
  "missed-bin?":true,
  "tonnes":4.98,
  "year":2020,
  "region":"Stirling"},
 {"quarter":4,
  "material":"Household and similar wastes",
  "recycling?":false,
  "missed-bin?":true,
  "tonnes":12.68,
  "year":2020,
  "region":"Stirling"},
 {"quarter":2,
  "material":"Paper and cardboard wastes",
  "recycling?":true,
  "missed-bin?":true,
  "tonnes":26.04,
  "year":2020,
  "region":"Stirling"},
 {"quarter":1,
  "material":"Glass wastes",
  "recycling?":true,
  "missed-bin?":false,
  "tonnes":581.96,
  "year":2020,
  "region":"Stirling"},
 {"quarter":3,
  "material":"Animal and mixed food waste",
  "recycling?":false,
  "missed-bin?":false,
  "tonnes":3592.04,
  "year":2020,
  "region":"Stirling"},
 {"quarter":4,
  "material":"Glass wastes",
  "recycling?":true,
  "missed-bin?":false,
  "tonnes":721.84,
  "year":2020,
  "region":"Stirling"},
 {"quarter":4,
  "material":"Animal and mixed food waste",
  "recycling?":false,
  "missed-bin?":false,
  "tonnes":1631.68,
  "year":2020,
  "region":"Stirling"},
 {"quarter":4,
  "material":"Household and similar wastes",
  "recycling?":false,
  "missed-bin?":false,
  "tonnes":4278.90,
  "year":2020,
  "region":"Stirling"},
 {"quarter":3,
  "material":"Glass wastes",
  "recycling?":true,
  "missed-bin?":false,
  "tonnes":694.86,
  "year":2020,
  "region":"Stirling"},
 {"quarter":4,
  "material":"Glass wastes",
  "recycling?":true,
  "missed-bin?":true,
  "tonnes":1.26,
  "year":2020,
  "region":"Stirling"},
 {"quarter":2,
  "material":"Household and similar wastes",
  "recycling?":false,
  "missed-bin?":false,
  "tonnes":5447.70,
  "year":2020,
  "region":"Stirling"},
 {"quarter":2,
  "material":"Paper and cardboard wastes",
  "recycling?":true,
  "missed-bin?":false,
  "tonnes":839.22,
  "year":2020,
  "region":"Stirling"},
 {"quarter":2,
  "material":"Household and similar wastes",
  "recycling?":false,
  "missed-bin?":true,
  "tonnes":34.12,
  "year":2019,
  "region":"Stirling"},
 {"quarter":2,
  "material":"Animal and mixed food waste",
  "recycling?":false,
  "missed-bin?":false,
  "tonnes":3219.10,
  "year":2019,
  "region":"Stirling"},
 {"quarter":4,
  "material":"Paper and cardboard wastes",
  "recycling?":true,
  "missed-bin?":true,
  "tonnes":3.08,
  "year":2019,
  "region":"Stirling"},
 {"quarter":4,
  "material":"Plastic wastes",
  "recycling?":true,
  "missed-bin?":false,
  "tonnes":426.22,
  "year":2019,
  "region":"Stirling"},
 {"quarter":3,
  "material":"Animal and mixed food waste",
  "recycling?":false,
  "missed-bin?":true,
  "tonnes":11.16,
  "year":2019,
  "region":"Stirling"},
 {"quarter":1,
  "material":"Household and similar wastes",
  "recycling?":false,
  "missed-bin?":true,
  "tonnes":87.00,
  "year":2019,
  "region":"Stirling"},
 {"quarter":4,
  "material":"Paper and cardboard wastes",
  "recycling?":true,
  "missed-bin?":false,
  "tonnes":796.46,
  "year":2019,
  "region":"Stirling"},
 {"quarter":1,
  "material":"Plastic wastes",
  "recycling?":true,
  "missed-bin?":false,
  "tonnes":491.94,
  "year":2019,
  "region":"Stirling"},
 {"quarter":3,
  "material":"Plastic wastes",
  "recycling?":true,
  "missed-bin?":true,
  "tonnes":0.38,
  "year":2019,
  "region":"Stirling"},
 {"quarter":2,
  "material":"Glass wastes",
  "recycling?":true,
  "missed-bin?":false,
  "tonnes":523.76,
  "year":2019,
  "region":"Stirling"},
 {"quarter":3,
  "material":"Glass wastes",
  "recycling?":true,
  "missed-bin?":true,
  "tonnes":6.78,
  "year":2019,
  "region":"Stirling"},
 {"quarter":3,
  "material":"Household and similar wastes",
  "recycling?":false,
  "missed-bin?":false,
  "tonnes":3453.12,
  "year":2019,
  "region":"Stirling"},
 {"quarter":4,
  "material":"Plastic wastes",
  "recycling?":true,
  "missed-bin?":true,
  "tonnes":0.68,
  "year":2019,
  "region":"Stirling"},
 {"quarter":1,
  "material":"Glass wastes",
  "recycling?":true,
  "missed-bin?":true,
  "tonnes":9.36,
  "year":2019,
  "region":"Stirling"},
 {"quarter":3,
  "material":"Paper and cardboard wastes",
  "recycling?":true,
  "missed-bin?":false,
  "tonnes":977.34,
  "year":2019,
  "region":"Stirling"},
 {"quarter":2,
  "material":"Plastic wastes",
  "recycling?":true,
  "missed-bin?":false,
  "tonnes":533.60,
  "year":2019,
  "region":"Stirling"},
 {"quarter":1,
  "material":"Plastic wastes",
  "recycling?":true,
  "missed-bin?":true,
  "tonnes":8.02,
  "year":2019,
  "region":"Stirling"},
 {"quarter":3,
  "material":"Plastic wastes",
  "recycling?":true,
  "missed-bin?":false,
  "tonnes":481.56,
  "year":2019,
  "region":"Stirling"},
 {"quarter":1,
  "material":"Paper and cardboard wastes",
  "recycling?":true,
  "missed-bin?":true,
  "tonnes":13.18,
  "year":2019,
  "region":"Stirling"},
 {"quarter":3,
  "material":"Paper and cardboard wastes",
  "recycling?":true,
  "missed-bin?":true,
  "tonnes":4.08,
  "year":2019,
  "region":"Stirling"},
 {"quarter":1,
  "material":"Household and similar wastes",
  "recycling?":false,
  "missed-bin?":false,
  "tonnes":3330.98,
  "year":2019,
  "region":"Stirling"},
 {"quarter":2,
  "material":"Glass wastes",
  "recycling?":true,
  "missed-bin?":true,
  "tonnes":0.90,
  "year":2019,
  "region":"Stirling"},
 {"quarter":1,
  "material":"Animal and mixed food waste",
  "recycling?":false,
  "missed-bin?":false,
  "tonnes":1428.90,
  "year":2019,
  "region":"Stirling"},
 {"quarter":1,
  "material":"Paper and cardboard wastes",
  "recycling?":true,
  "missed-bin?":false,
  "tonnes":813.30,
  "year":2019,
  "region":"Stirling"},
 {"quarter":3,
  "material":"Household and similar wastes",
  "recycling?":false,
  "missed-bin?":true,
  "tonnes":7.50,
  "year":2019,
  "region":"Stirling"},
 {"quarter":2,
  "material":"Animal and mixed food waste",
  "recycling?":false,
  "missed-bin?":true,
  "tonnes":63.44,
  "year":2019,
  "region":"Stirling"},
 {"quarter":4,
  "material":"Household and similar wastes",
  "recycling?":false,
  "missed-bin?":true,
  "tonnes":31.54,
  "year":2019,
  "region":"Stirling"},
 {"quarter":2,
  "material":"Paper and cardboard wastes",
  "recycling?":true,
  "missed-bin?":true,
  "tonnes":12.32,
  "year":2019,
  "region":"Stirling"},
 {"quarter":1,
  "material":"Glass wastes",
  "recycling?":true,
  "missed-bin?":false,
  "tonnes":660.28,
  "year":2019,
  "region":"Stirling"},
 {"quarter":3,
  "material":"Animal and mixed food waste",
  "recycling?":false,
  "missed-bin?":false,
  "tonnes":3833.50,
  "year":2019,
  "region":"Stirling"},
 {"quarter":4,
  "material":"Glass wastes",
  "recycling?":true,
  "missed-bin?":false,
  "tonnes":549.26,
  "year":2019,
  "region":"Stirling"},
 {"quarter":4,
  "material":"Animal and mixed food waste",
  "recycling?":false,
  "missed-bin?":false,
  "tonnes":1406.42,
  "year":2019,
  "region":"Stirling"},
 {"quarter":4,
  "material":"Household and similar wastes",
  "recycling?":false,
  "missed-bin?":false,
  "tonnes":3720.60,
  "year":2019,
  "region":"Stirling"},
 {"quarter":3,
  "material":"Glass wastes",
  "recycling?":true,
  "missed-bin?":false,
  "tonnes":516.56,
  "year":2019,
  "region":"Stirling"},
 {"quarter":2,
  "material":"Household and similar wastes",
  "recycling?":false,
  "missed-bin?":false,
  "tonnes":3943.88,
  "year":2019,
  "region":"Stirling"},
 {"quarter":1,
  "material":"Animal and mixed food waste",
  "recycling?":false,
  "missed-bin?":true,
  "tonnes":18.18,
  "year":2019,
  "region":"Stirling"},
 {"quarter":2,
  "material":"Paper and cardboard wastes",
  "recycling?":true,
  "missed-bin?":false,
  "tonnes":747.82,
  "year":2019,
  "region":"Stirling"},
 {"quarter":3,
  "material":"Vegetal wastes",
  "recycling?":false,
  "missed-bin?":false,
  "tonnes":1.24,
  "year":2018,
  "region":"Stirling"},
 {"quarter":2,
  "material":"Household and similar wastes",
  "recycling?":false,
  "missed-bin?":true,
  "tonnes":315.64,
  "year":2018,
  "region":"Stirling"},
 {"quarter":2,
  "material":"Animal and mixed food waste",
  "recycling?":false,
  "missed-bin?":false,
  "tonnes":3202.32,
  "year":2018,
  "region":"Stirling"},
 {"quarter":2,
  "material":"Plastic wastes",
  "recycling?":true,
  "missed-bin?":true,
  "tonnes":27.86,
  "year":2018,
  "region":"Stirling"},
 {"quarter":4,
  "material":"Paper and cardboard wastes",
  "recycling?":true,
  "missed-bin?":true,
  "tonnes":41.26,
  "year":2018,
  "region":"Stirling"},
 {"quarter":4,
  "material":"Plastic wastes",
  "recycling?":true,
  "missed-bin?":false,
  "tonnes":419.36,
  "year":2018,
  "region":"Stirling"},
 {"quarter":3,
  "material":"Animal and mixed food waste",
  "recycling?":false,
  "missed-bin?":true,
  "tonnes":77.42,
  "year":2018,
  "region":"Stirling"},
 {"quarter":1,
  "material":"Household and similar wastes",
  "recycling?":false,
  "missed-bin?":true,
  "tonnes":533.70,
  "year":2018,
  "region":"Stirling"},
 {"quarter":4,
  "material":"Paper and cardboard wastes",
  "recycling?":true,
  "missed-bin?":false,
  "tonnes":775.28,
  "year":2018,
  "region":"Stirling"},
 {"quarter":1,
  "material":"Plastic wastes",
  "recycling?":true,
  "missed-bin?":false,
  "tonnes":439.26,
  "year":2018,
  "region":"Stirling"},
 {"quarter":3,
  "material":"Plastic wastes",
  "recycling?":true,
  "missed-bin?":true,
  "tonnes":7.46,
  "year":2018,
  "region":"Stirling"},
 {"quarter":2,
  "material":"Glass wastes",
  "recycling?":true,
  "missed-bin?":false,
  "tonnes":516.12,
  "year":2018,
  "region":"Stirling"},
 {"quarter":3,
  "material":"Glass wastes",
  "recycling?":true,
  "missed-bin?":true,
  "tonnes":4.38,
  "year":2018,
  "region":"Stirling"},
 {"quarter":3,
  "material":"Household and similar wastes",
  "recycling?":false,
  "missed-bin?":false,
  "tonnes":3235.30,
  "year":2018,
  "region":"Stirling"},
 {"quarter":4,
  "material":"Plastic wastes",
  "recycling?":true,
  "missed-bin?":true,
  "tonnes":6.04,
  "year":2018,
  "region":"Stirling"},
 {"quarter":4,
  "material":"Animal and mixed food waste",
  "recycling?":false,
  "missed-bin?":true,
  "tonnes":40.16,
  "year":2018,
  "region":"Stirling"},
 {"quarter":1,
  "material":"Glass wastes",
  "recycling?":true,
  "missed-bin?":true,
  "tonnes":58.94,
  "year":2018,
  "region":"Stirling"},
 {"quarter":3,
  "material":"Paper and cardboard wastes",
  "recycling?":true,
  "missed-bin?":false,
  "tonnes":981.44,
  "year":2018,
  "region":"Stirling"},
 {"quarter":2,
  "material":"Plastic wastes",
  "recycling?":true,
  "missed-bin?":false,
  "tonnes":475.34,
  "year":2018,
  "region":"Stirling"},
 {"quarter":1,
  "material":"Plastic wastes",
  "recycling?":true,
  "missed-bin?":true,
  "tonnes":31.94,
  "year":2018,
  "region":"Stirling"},
 {"quarter":3,
  "material":"Plastic wastes",
  "recycling?":true,
  "missed-bin?":false,
  "tonnes":439.98,
  "year":2018,
  "region":"Stirling"},
 {"quarter":1,
  "material":"Vegetal wastes",
  "recycling?":false,
  "missed-bin?":false,
  "tonnes":1.18,
  "year":2018,
  "region":"Stirling"},
 {"quarter":1,
  "material":"Paper and cardboard wastes",
  "recycling?":true,
  "missed-bin?":true,
  "tonnes":126.72,
  "year":2018,
  "region":"Stirling"},
 {"quarter":3,
  "material":"Paper and cardboard wastes",
  "recycling?":true,
  "missed-bin?":true,
  "tonnes":37.02,
  "year":2018,
  "region":"Stirling"},
 {"quarter":1,
  "material":"Household and similar wastes",
  "recycling?":false,
  "missed-bin?":false,
  "tonnes":3086.92,
  "year":2018,
  "region":"Stirling"},
 {"quarter":2,
  "material":"Glass wastes",
  "recycling?":true,
  "missed-bin?":true,
  "tonnes":41.36,
  "year":2018,
  "region":"Stirling"},
 {"quarter":1,
  "material":"Animal and mixed food waste",
  "recycling?":false,
  "missed-bin?":false,
  "tonnes":1224.16,
  "year":2018,
  "region":"Stirling"},
 {"quarter":1,
  "material":"Paper and cardboard wastes",
  "recycling?":true,
  "missed-bin?":false,
  "tonnes":732.10,
  "year":2018,
  "region":"Stirling"},
 {"quarter":2,
  "material":"Vegetal wastes",
  "recycling?":false,
  "missed-bin?":false,
  "tonnes":7.54,
  "year":2018,
  "region":"Stirling"},
 {"quarter":3,
  "material":"Household and similar wastes",
  "recycling?":false,
  "missed-bin?":true,
  "tonnes":157.98,
  "year":2018,
  "region":"Stirling"},
 {"quarter":2,
  "material":"Animal and mixed food waste",
  "recycling?":false,
  "missed-bin?":true,
  "tonnes":150.76,
  "year":2018,
  "region":"Stirling"},
 {"quarter":4,
  "material":"Household and similar wastes",
  "recycling?":false,
  "missed-bin?":true,
  "tonnes":133.90,
  "year":2018,
  "region":"Stirling"},
 {"quarter":2,
  "material":"Paper and cardboard wastes",
  "recycling?":true,
  "missed-bin?":true,
  "tonnes":63.40,
  "year":2018,
  "region":"Stirling"},
 {"quarter":1,
  "material":"Glass wastes",
  "recycling?":true,
  "missed-bin?":false,
  "tonnes":573.78,
  "year":2018,
  "region":"Stirling"},
 {"quarter":3,
  "material":"Animal and mixed food waste",
  "recycling?":false,
  "missed-bin?":false,
  "tonnes":3233.40,
  "year":2018,
  "region":"Stirling"},
 {"quarter":4,
  "material":"Glass wastes",
  "recycling?":true,
  "missed-bin?":false,
  "tonnes":552.18,
  "year":2018,
  "region":"Stirling"},
 {"quarter":4,
  "material":"Animal and mixed food waste",
  "recycling?":false,
  "missed-bin?":false,
  "tonnes":1819.26,
  "year":2018,
  "region":"Stirling"},
 {"quarter":4,
  "material":"Household and similar wastes",
  "recycling?":false,
  "missed-bin?":false,
  "tonnes":3786.84,
  "year":2018,
  "region":"Stirling"},
 {"quarter":3,
  "material":"Glass wastes",
  "recycling?":true,
  "missed-bin?":false,
  "tonnes":518.04,
  "year":2018,
  "region":"Stirling"},
 {"quarter":4,
  "material":"Glass wastes",
  "recycling?":true,
  "missed-bin?":true,
  "tonnes":0.92,
  "year":2018,
  "region":"Stirling"},
 {"quarter":2,
  "material":"Household and similar wastes",
  "recycling?":false,
  "missed-bin?":false,
  "tonnes":3595.26,
  "year":2018,
  "region":"Stirling"},
 {"quarter":1,
  "material":"Paper and cardboard wastes",
  "recycling?":false,
  "missed-bin?":true,
  "tonnes":1.32,
  "year":2018,
  "region":"Stirling"},
 {"quarter":1,
  "material":"Animal and mixed food waste",
  "recycling?":false,
  "missed-bin?":true,
  "tonnes":89.70,
  "year":2018,
  "region":"Stirling"},
 {"quarter":2,
  "material":"Paper and cardboard wastes",
  "recycling?":true,
  "missed-bin?":false,
  "tonnes":712.66,
  "year":2018,
  "region":"Stirling"},
 {"quarter":2,
  "material":"Household and similar wastes",
  "recycling?":false,
  "missed-bin?":true,
  "tonnes":19.52,
  "year":2021,
  "region":"Stirling"},
 {"quarter":2,
  "material":"Animal and mixed food waste",
  "recycling?":false,
  "missed-bin?":false,
  "tonnes":2572.96,
  "year":2021,
  "region":"Stirling"},
 {"quarter":2,
  "material":"Plastic wastes",
  "recycling?":true,
  "missed-bin?":true,
  "tonnes":0.86,
  "year":2021,
  "region":"Stirling"},
 {"quarter":1,
  "material":"Household and similar wastes",
  "recycling?":false,
  "missed-bin?":true,
  "tonnes":56.18,
  "year":2021,
  "region":"Stirling"},
 {"quarter":1,
  "material":"Plastic wastes",
  "recycling?":true,
  "missed-bin?":false,
  "tonnes":648.82,
  "year":2021,
  "region":"Stirling"},
 {"quarter":2,
  "material":"Glass wastes",
  "recycling?":true,
  "missed-bin?":false,
  "tonnes":675.52,
  "year":2021,
  "region":"Stirling"},
 {"quarter":2,
  "material":"Plastic wastes",
  "recycling?":true,
  "missed-bin?":false,
  "tonnes":598.32,
  "year":2021,
  "region":"Stirling"},
 {"quarter":1,
  "material":"Paper and cardboard wastes",
  "recycling?":true,
  "missed-bin?":true,
  "tonnes":3.62,
  "year":2021,
  "region":"Stirling"},
 {"quarter":1,
  "material":"Household and similar wastes",
  "recycling?":false,
  "missed-bin?":false,
  "tonnes":4168.92,
  "year":2021,
  "region":"Stirling"},
 {"quarter":1,
  "material":"Animal and mixed food waste",
  "recycling?":false,
  "missed-bin?":false,
  "tonnes":1398.24,
  "year":2021,
  "region":"Stirling"},
 {"quarter":1,
  "material":"Paper and cardboard wastes",
  "recycling?":true,
  "missed-bin?":false,
  "tonnes":856.00,
  "year":2021,
  "region":"Stirling"},
 {"quarter":2,
  "material":"Animal and mixed food waste",
  "recycling?":false,
  "missed-bin?":true,
  "tonnes":1.00,
  "year":2021,
  "region":"Stirling"},
 {"quarter":2,
  "material":"Paper and cardboard wastes",
  "recycling?":true,
  "missed-bin?":true,
  "tonnes":6.44,
  "year":2021,
  "region":"Stirling"},
 {"quarter":1,
  "material":"Glass wastes",
  "recycling?":true,
  "missed-bin?":false,
  "tonnes":736.84,
  "year":2021,
  "region":"Stirling"},
 {"quarter":2,
  "material":"Household and similar wastes",
  "recycling?":false,
  "missed-bin?":false,
  "tonnes":4163.08,
  "year":2021,
  "region":"Stirling"},
 {"quarter":1,
  "material":"Animal and mixed food waste",
  "recycling?":false,
  "missed-bin?":true,
  "tonnes":0.3,
  "year":2021,
  "region":"Stirling"},
 {"quarter":2,
  "material":"Paper and cardboard wastes",
  "recycling?":true,
  "missed-bin?":false,
  "tonnes":913.60,
  "year":2021,
  "region":"Stirling"}]
