[{"material":"Textiles", "multiplier":100.00},
 {"material":"Textiles and Footwear", "multiplier":84.70},
 {"material":"Aluminium cans and foil", "multiplier":65.87},
 {"material":"Footwear", "multiplier":31.17},
 {"material":"Mixed Cans", "multiplier":27.80},
 {"material":"Scrap Metal", "multiplier":16.07},
 {"material":"Steel Cans", "multiplier":12.25},
 {"material":"PET (including forming)", "multiplier":12.12},
 {"material":"WEEE - Small", "multiplier":10.54},
 {"material":"WEEE - Mixed", "multiplier":9.77},
 {"material":"WEEE - Large", "multiplier":9.00},
 {"material":"PS (including forming)", "multiplier":8.81},
 {"material":"Wood", "multiplier":8.70},
 {"material":"Average Plastics", "multiplier":8.57},
 {"material":"Average plastic rigid (including bottles)",
  "multiplier":8.56},
 {"material":"HDPE (including forming)", "multiplier":8.25},
 {"material":"LDPE and LLDPE (including forming)", "multiplier":7.80},
 {"material":"Average plastic film (including bags)",
  "multiplier":7.65},
 {"material":"PP (including forming)", "multiplier":6.74},
 {"material":"PVC (including forming)", "multiplier":6.31},
 {"material":"Board", "multiplier":5.83},
 {"material":"Mixed paper and board", "multiplier":5.68},
 {"material":"Paper", "multiplier":5.23},
 {"material":"Books", "multiplier":5.23},
 {"material":"Mineral Oil", "multiplier":5.15},
 {"material":"WEEE - Fridges and Freezers", "multiplier":4.66},
 {"material":"Food and Drink Waste (wet AD)", "multiplier":4.35},
 {"material":"Food and Drink Waste (Composting)", "multiplier":3.48},
 {"material":"Batteries (Post Consumer Non Automotive)",
  "multiplier":3.46},
 {"material":"Glass (colour separated)", "multiplier":2.78},
 {"material":"Mixed Food and Garden Waste (dry AD)",
  "multiplier":2.70},
 {"material":"Garden Waste (dry AD)", "multiplier":2.35},
 {"material":"Mixed Food and Garden Waste (Composting)",
  "multiplier":2.10},
 {"material":"Garden Waste Composting", "multiplier":1.81},
 {"material":"Glass (mixed colours)", "multiplier":1.58},
 {"material":"Plasterboard", "multiplier":0.99},
 {"material":"Aggregates (Rubble)", "multiplier":0.03}]
