[{"region":"Stirling",
  "year":2015,
  "quarter":3,
  "yyyy-MM-dd":"2015-09-30",
  "material":"Glass (colour separated - assumed remelt)",
  "tonnes-weight":0.275053,
  "tonnes-co2e":0.24606241379999997},
 {"region":"Stirling",
  "year":2014,
  "quarter":2,
  "yyyy-MM-dd":"2014-06-30",
  "material":"Glass (colour separated - assumed remelt)",
  "tonnes-weight":0,
  "tonnes-co2e":0.0},
 {"region":"Stirling",
  "year":2013,
  "quarter":1,
  "yyyy-MM-dd":"2013-03-31",
  "material":"Books",
  "tonnes-weight":0.0463,
  "tonnes-co2e":0.0710705},
 {"region":"Stirling",
  "year":2015,
  "quarter":3,
  "yyyy-MM-dd":"2015-09-30",
  "material":"Small WEEE",
  "tonnes-weight":0.273932,
  "tonnes-co2e":0.486777164},
 {"region":"Stirling",
  "year":2015,
  "quarter":4,
  "yyyy-MM-dd":"2015-12-31",
  "material":"Textiles & Footwear",
  "tonnes-weight":0.038595,
  "tonnes-co2e":0.88235889},
 {"region":"Stirling",
  "year":2018,
  "quarter":2,
  "yyyy-MM-dd":"2018-06-30",
  "material":"Glass (Mixed - assumed go to aggregates)",
  "tonnes-weight":0.026853999999999996,
  "tonnes-co2e":0.024587522399999994},
 {"region":"Stirling",
  "year":2019,
  "quarter":2,
  "yyyy-MM-dd":"2019-06-30",
  "material":"Food & Drink",
  "tonnes-weight":0.00715,
  "tonnes-co2e":0.02918031974},
 {"region":"Stirling",
  "year":2018,
  "quarter":3,
  "yyyy-MM-dd":"2018-09-30",
  "material":"Plastics",
  "tonnes-weight":0.161286,
  "tonnes-co2e":0.5441789640000001},
 {"region":"Stirling",
  "year":2014,
  "quarter":2,
  "yyyy-MM-dd":"2014-06-30",
  "material":"Wood",
  "tonnes-weight":0.00347,
  "tonnes-co2e":0.00505926},
 {"region":"Stirling",
  "year":2017,
  "quarter":2,
  "yyyy-MM-dd":"2017-06-30",
  "material":"Books",
  "tonnes-weight":0.12347999999999999,
  "tonnes-co2e":0.11854079999999999},
 {"region":"Stirling",
  "year":2014,
  "quarter":2,
  "yyyy-MM-dd":"2014-06-30",
  "material":"Small WEEE",
  "tonnes-weight":0.005678,
  "tonnes-co2e":0.010089806000000001},
 {"region":"Stirling",
  "year":2014,
  "quarter":3,
  "yyyy-MM-dd":"2014-09-30",
  "material":"Scrap Metal",
  "tonnes-weight":0.079314,
  "tonnes-co2e":0.2160079660000000004},
 {"region":"Stirling",
  "year":2016,
  "quarter":3,
  "yyyy-MM-dd":"2016-09-30",
  "material":"Mixed Cans",
  "tonnes-weight":0.0005,
  "tonnes-co2e":0.00327},
 {"region":"Stirling",
  "year":2014,
  "quarter":1,
  "yyyy-MM-dd":"2014-03-31",
  "material":"Textiles & Footwear",
  "tonnes-weight":4.093989999999999998,
  "tonnes-co2e":92.5651138999999959},
 {"region":"Stirling",
  "year":2014,
  "quarter":4,
  "yyyy-MM-dd":"2014-12-31",
  "material":"Glass (Mixed - assumed go to aggregates)",
  "tonnes-weight":0,
  "tonnes-co2e":0.0},
 {"region":"Stirling",
  "year":2014,
  "quarter":4,
  "yyyy-MM-dd":"2014-12-31",
  "material":"Mixed Cans",
  "tonnes-weight":0,
  "tonnes-co2e":0.0},
 {"region":"Stirling",
  "year":2019,
  "quarter":4,
  "yyyy-MM-dd":"2019-12-31",
  "material":"Mixed Cans",
  "tonnes-weight":0,
  "tonnes-co2e":0.0},
 {"region":"Stirling",
  "year":2016,
  "quarter":1,
  "yyyy-MM-dd":"2016-03-31",
  "material":"Mixed Cans",
  "tonnes-weight":0,
  "tonnes-co2e":0.0},
 {"region":"Stirling",
  "year":2013,
  "quarter":1,
  "yyyy-MM-dd":"2013-03-31",
  "material":"Aluminium",
  "tonnes-weight":0.0117,
  "tonnes-co2e":0.11542049999999999},
 {"region":"Stirling",
  "year":2017,
  "quarter":1,
  "yyyy-MM-dd":"2017-03-31",
  "material":"WEEE (Fridges\/Freezers)",
  "tonnes-weight":0,
  "tonnes-co2e":0.0},
 {"region":"Stirling",
  "year":2017,
  "quarter":4,
  "yyyy-MM-dd":"2017-12-31",
  "material":"Plastics",
  "tonnes-weight":0.006786,
  "tonnes-co2e":0.022895964},
 {"region":"Stirling",
  "year":2017,
  "quarter":1,
  "yyyy-MM-dd":"2017-03-31",
  "material":"Mixed Cans",
  "tonnes-weight":0,
  "tonnes-co2e":0.0},
 {"region":"Stirling",
  "year":2015,
  "quarter":2,
  "yyyy-MM-dd":"2015-06-30",
  "material":"Scrap Metal",
  "tonnes-weight":0.009958,
  "tonnes-co2e":0.02717985799999999999},
 {"region":"Stirling",
  "year":2018,
  "quarter":1,
  "yyyy-MM-dd":"2018-03-31",
  "material":"Scrap Metal",
  "tonnes-weight":0.006817999999999999,
  "tonnes-co2e":0.0212868691999999985},
 {"region":"Stirling",
  "year":2019,
  "quarter":2,
  "yyyy-MM-dd":"2019-06-30",
  "material":"Glass (Mixed - assumed go to aggregates)",
  "tonnes-weight":0.048078,
  "tonnes-co2e":0.04403944800000001},
 {"region":"Stirling",
  "year":2015,
  "quarter":3,
  "yyyy-MM-dd":"2015-09-30",
  "material":"Mixed Cans",
  "tonnes-weight":0.000845,
  "tonnes-co2e":0.0055263},
 {"region":"Stirling",
  "year":2017,
  "quarter":2,
  "yyyy-MM-dd":"2017-06-30",
  "material":"Paper & Cardboard",
  "tonnes-weight":0.00333,
  "tonnes-co2e":0.0031967999999999996},
 {"region":"Stirling",
  "year":2013,
  "quarter":1,
  "yyyy-MM-dd":"2013-03-31",
  "material":"Wood",
  "tonnes-weight":0,
  "tonnes-co2e":0.0},
 {"region":"Stirling",
  "year":2013,
  "quarter":2,
  "yyyy-MM-dd":"2013-06-30",
  "material":"Aluminium",
  "tonnes-weight":0.22573,
  "tonnes-co2e":2.22682645},
 {"region":"Stirling",
  "year":2013,
  "quarter":1,
  "yyyy-MM-dd":"2013-03-31",
  "material":"Food & Drink",
  "tonnes-weight":0.0113,
  "tonnes-co2e":0.045655222282660205},
 {"region":"Stirling",
  "year":2015,
  "quarter":2,
  "yyyy-MM-dd":"2015-06-30",
  "material":"Small WEEE",
  "tonnes-weight":0.004542,
  "tonnes-co2e":0.008071134},
 {"region":"Stirling",
  "year":2017,
  "quarter":4,
  "yyyy-MM-dd":"2017-12-31",
  "material":"Food & Drink",
  "tonnes-weight":0.005267,
  "tonnes-co2e":0.021494627},
 {"region":"Stirling",
  "year":2019,
  "quarter":4,
  "yyyy-MM-dd":"2019-12-31",
  "material":"Aluminium",
  "tonnes-weight":0.04492,
  "tonnes-co2e":0.57922579136},
 {"region":"Stirling",
  "year":2015,
  "quarter":4,
  "yyyy-MM-dd":"2015-12-31",
  "material":"Books",
  "tonnes-weight":0.033985,
  "tonnes-co2e":0.051623214999999995},
 {"region":"Stirling",
  "year":2018,
  "quarter":1,
  "yyyy-MM-dd":"2018-03-31",
  "material":"Paper & Cardboard",
  "tonnes-weight":0.003622,
  "tonnes-co2e":0.0034771199999999998},
 {"region":"Stirling",
  "year":2018,
  "quarter":1,
  "yyyy-MM-dd":"2018-03-31",
  "material":"Mixed Cans",
  "tonnes-weight":0.0013539999999999999,
  "tonnes-co2e":0.00885516},
 {"region":"Stirling",
  "year":2017,
  "quarter":3,
  "yyyy-MM-dd":"2017-09-30",
  "material":"Small WEEE",
  "tonnes-weight":0.21998000000000002,
  "tonnes-co2e":0.39189437},
 {"region":"Stirling",
  "year":2017,
  "quarter":3,
  "yyyy-MM-dd":"2017-09-30",
  "material":"Paper & Cardboard",
  "tonnes-weight":0.08295400000000004,
  "tonnes-co2e":0.07963584000000003},
 {"region":"Stirling",
  "year":2015,
  "quarter":1,
  "yyyy-MM-dd":"2015-03-31",
  "material":"Paper & Cardboard",
  "tonnes-weight":0.0082,
  "tonnes-co2e":0.012586999999999998},
 {"region":"Stirling",
  "year":2016,
  "quarter":4,
  "yyyy-MM-dd":"2016-12-31",
  "material":"Plastics",
  "tonnes-weight":0.01717,
  "tonnes-co2e":0.05793158000000001},
 {"region":"Stirling",
  "year":2016,
  "quarter":3,
  "yyyy-MM-dd":"2016-09-30",
  "material":"Glass (Mixed - assumed go to aggregates)",
  "tonnes-weight":0.268367,
  "tonnes-co2e":0.2457168252},
 {"region":"Stirling",
  "year":2016,
  "quarter":4,
  "yyyy-MM-dd":"2016-12-31",
  "material":"Batteries",
  "tonnes-weight":0,
  "tonnes-co2e":0.0},
 {"region":"Stirling",
  "year":2015,
  "quarter":2,
  "yyyy-MM-dd":"2015-06-30",
  "material":
  "plastic bottles (Average rigid plastics used - HDPE and PET)",
  "tonnes-weight":0.052364,
  "tonnes-co2e":0.17358666},
 {"region":"Stirling",
  "year":2013,
  "quarter":1,
  "yyyy-MM-dd":"2013-03-31",
  "material":"Small WEEE",
  "tonnes-weight":0.0133,
  "tonnes-co2e":0.0236341},
 {"region":"Stirling",
  "year":2015,
  "quarter":2,
  "yyyy-MM-dd":"2015-06-30",
  "material":"Books",
  "tonnes-weight":0.114549,
  "tonnes-co2e":0.175832715},
 {"region":"Stirling",
  "year":2015,
  "quarter":3,
  "yyyy-MM-dd":"2015-09-30",
  "material":"Aluminium",
  "tonnes-weight":0.368593,
  "tonnes-co2e":4.767013269000001},
 {"region":"Stirling",
  "year":2014,
  "quarter":4,
  "yyyy-MM-dd":"2014-12-31",
  "material":"Small WEEE",
  "tonnes-weight":0.017274,
  "tonnes-co2e":0.030695898000000003},
 {"region":"Stirling",
  "year":2014,
  "quarter":2,
  "yyyy-MM-dd":"2014-06-30",
  "material":
  "plastic bottles (Average rigid plastics used - HDPE and PET)",
  "tonnes-weight":0.018826,
  "tonnes-co2e":0.062408190000000005},
 {"region":"Stirling",
  "year":2016,
  "quarter":2,
  "yyyy-MM-dd":"2016-06-30",
  "material":"Paper & Cardboard",
  "tonnes-weight":0.066125,
  "tonnes-co2e":0.10698278},
 {"region":"Stirling",
  "year":2019,
  "quarter":2,
  "yyyy-MM-dd":"2019-06-30",
  "material":"Mixed Cans",
  "tonnes-weight":0,
  "tonnes-co2e":0.0},
 {"region":"Stirling",
  "year":2015,
  "quarter":2,
  "yyyy-MM-dd":"2015-06-30",
  "material":"Large WEEE (excluding fluorescent tubes)",
  "tonnes-weight":0.0026,
  "tonnes-co2e":0.0033358000000000003},
 {"region":"Stirling",
  "year":2015,
  "quarter":4,
  "yyyy-MM-dd":"2015-12-31",
  "material":"Glass (Mixed - assumed go to aggregates)",
  "tonnes-weight":0,
  "tonnes-co2e":0.0},
 {"region":"Stirling",
  "year":2015,
  "quarter":2,
  "yyyy-MM-dd":"2015-06-30",
  "material":"Mixed Cans",
  "tonnes-weight":0.00003,
  "tonnes-co2e":0.00014397},
 {"region":"Stirling",
  "year":2014,
  "quarter":2,
  "yyyy-MM-dd":"2014-06-30",
  "material":"Aluminium",
  "tonnes-weight":0.00008,
  "tonnes-co2e":0.0007892},
 {"region":"Stirling",
  "year":2016,
  "quarter":3,
  "yyyy-MM-dd":"2016-09-30",
  "material":"WEEE (Fridges\/Freezers)",
  "tonnes-weight":0,
  "tonnes-co2e":0.0},
 {"region":"Stirling",
  "year":2016,
  "quarter":3,
  "yyyy-MM-dd":"2016-09-30",
  "material":"Plastics",
  "tonnes-weight":0.297724,
  "tonnes-co2e":1.0045207760000001},
 {"region":"Stirling",
  "year":2018,
  "quarter":3,
  "yyyy-MM-dd":"2018-09-30",
  "material":"Small WEEE",
  "tonnes-weight":0.237068,
  "tonnes-co2e":0.42233664200000004},
 {"region":"Stirling",
  "year":2015,
  "quarter":4,
  "yyyy-MM-dd":"2015-12-31",
  "material":"Scrap Metal",
  "tonnes-weight":0.000505,
  "tonnes-co2e":0.001493285},
 {"region":"Stirling",
  "year":2014,
  "quarter":3,
  "yyyy-MM-dd":"2014-09-30",
  "material":
  "plastic bottles (Average rigid plastics used - HDPE and PET)",
  "tonnes-weight":0.24836,
  "tonnes-co2e":0.8233134000000001},
 {"region":"Stirling",
  "year":2013,
  "quarter":2,
  "yyyy-MM-dd":"2013-06-30",
  "material":"Books",
  "tonnes-weight":0.0923,
  "tonnes-co2e":0.1416805},
 {"region":"Stirling",
  "year":2019,
  "quarter":2,
  "yyyy-MM-dd":"2019-06-30",
  "material":"Aggregates",
  "tonnes-weight":0.09659999999999997,
  "tonnes-co2e":0.0007546681799999997},
 {"region":"Stirling",
  "year":2016,
  "quarter":1,
  "yyyy-MM-dd":"2016-03-31",
  "material":"Wood",
  "tonnes-weight":0.002888,
  "tonnes-co2e":0.003543576},
 {"region":"Stirling",
  "year":2015,
  "quarter":3,
  "yyyy-MM-dd":"2015-09-30",
  "material":"Textiles & Footwear",
  "tonnes-weight":1.120852,
  "tonnes-co2e":25.624918424},
 {"region":"Stirling",
  "year":2018,
  "quarter":2,
  "yyyy-MM-dd":"2018-06-30",
  "material":"Textiles & Footwear",
  "tonnes-weight":0.23068999999999997,
  "tonnes-co2e":5.15153839},
 {"region":"Stirling",
  "year":2014,
  "quarter":3,
  "yyyy-MM-dd":"2014-09-30",
  "material":"Textiles & Footwear",
  "tonnes-weight":1.2785740000000001,
  "tonnes-co2e":28.908558139999999},
 {"region":"Stirling",
  "year":2017,
  "quarter":3,
  "yyyy-MM-dd":"2017-09-30",
  "material":"Aggregates",
  "tonnes-weight":0.4682800000000001,
  "tonnes-co2e":0.00515108},
 {"region":"Stirling",
  "year":2019,
  "quarter":2,
  "yyyy-MM-dd":"2019-06-30",
  "material":"WEEE (Fridges\/Freezers)",
  "tonnes-weight":0,
  "tonnes-co2e":0.0},
 {"region":"Stirling",
  "year":2016,
  "quarter":1,
  "yyyy-MM-dd":"2016-03-31",
  "material":"Aluminium",
  "tonnes-weight":0.018383,
  "tonnes-co2e":0.247876372},
 {"region":"Stirling",
  "year":2016,
  "quarter":3,
  "yyyy-MM-dd":"2016-09-30",
  "material":"Wood",
  "tonnes-weight":0.113601,
  "tonnes-co2e":0.051802056},
 {"region":"Stirling",
  "year":2019,
  "quarter":4,
  "yyyy-MM-dd":"2019-12-31",
  "material":"WEEE (Fridges\/Freezers)",
  "tonnes-weight":0,
  "tonnes-co2e":0.0},
 {"region":"Stirling",
  "year":2015,
  "quarter":1,
  "yyyy-MM-dd":"2015-03-31",
  "material":"Scrap Metal",
  "tonnes-weight":0.019126,
  "tonnes-co2e":0.05223961400000000496},
 {"region":"Stirling",
  "year":2016,
  "quarter":4,
  "yyyy-MM-dd":"2016-12-31",
  "material":"Glass (Mixed - assumed go to aggregates)",
  "tonnes-weight":0.00124,
  "tonnes-co2e":0.001135344},
 {"region":"Stirling",
  "year":2016,
  "quarter":4,
  "yyyy-MM-dd":"2016-12-31",
  "material":"WEEE (Fridges\/Freezers)",
  "tonnes-weight":0,
  "tonnes-co2e":0.0},
 {"region":"Stirling",
  "year":2013,
  "quarter":1,
  "yyyy-MM-dd":"2013-03-31",
  "material":"Glass (colour separated - assumed remelt)",
  "tonnes-weight":0.0041,
  "tonnes-co2e":0.0036694999999999998},
 {"region":"Stirling",
  "year":2018,
  "quarter":2,
  "yyyy-MM-dd":"2018-06-30",
  "material":"WEEE (Fridges\/Freezers)",
  "tonnes-weight":0,
  "tonnes-co2e":0.0},
 {"region":"Stirling",
  "year":2018,
  "quarter":4,
  "yyyy-MM-dd":"2018-12-31",
  "material":"Textiles & Footwear",
  "tonnes-weight":0.33468199999999996,
  "tonnes-co2e":7.473783741999999},
 {"region":"Stirling",
  "year":2018,
  "quarter":2,
  "yyyy-MM-dd":"2018-06-30",
  "material":"Scrap Metal",
  "tonnes-weight":0.02289,
  "tonnes-co2e":0.067912341},
 {"region":"Stirling",
  "year":2015,
  "quarter":1,
  "yyyy-MM-dd":"2015-03-31",
  "material":"Aggregates (rubble)",
  "tonnes-weight":0.070415,
  "tonnes-co2e":0.00056332},
 {"region":"Stirling",
  "year":2017,
  "quarter":2,
  "yyyy-MM-dd":"2017-06-30",
  "material":"Batteries",
  "tonnes-weight":0,
  "tonnes-co2e":0.0},
 {"region":"Stirling",
  "year":2018,
  "quarter":3,
  "yyyy-MM-dd":"2018-09-30",
  "material":"Food & Drink",
  "tonnes-weight":0.3541840000000001,
  "tonnes-co2e":1.4454249040000002},
 {"region":"Stirling",
  "year":2014,
  "quarter":3,
  "yyyy-MM-dd":"2014-09-30",
  "material":"Aluminium",
  "tonnes-weight":0.361534,
  "tonnes-co2e":3.56413691},
 {"region":"Stirling",
  "year":2015,
  "quarter":2,
  "yyyy-MM-dd":"2015-06-30",
  "material":"Wood",
  "tonnes-weight":0.000961,
  "tonnes-co2e":0.001401138},
 {"region":"Stirling",
  "year":2014,
  "quarter":4,
  "yyyy-MM-dd":"2014-12-31",
  "material":"Aggregates (rubble)",
  "tonnes-weight":0.02027,
  "tonnes-co2e":0.00016216},
 {"region":"Stirling",
  "year":2018,
  "quarter":4,
  "yyyy-MM-dd":"2018-12-31",
  "material":"WEEE (Fridges\/Freezers)",
  "tonnes-weight":0.005638,
  "tonnes-co2e":0.021623801965},
 {"region":"Stirling",
  "year":2018,
  "quarter":4,
  "yyyy-MM-dd":"2018-12-31",
  "material":"Glass (Mixed - assumed go to aggregates)",
  "tonnes-weight":0.014580000000000002,
  "tonnes-co2e":0.01335528},
 {"region":"Stirling",
  "year":2013,
  "quarter":1,
  "yyyy-MM-dd":"2013-03-31",
  "material":"plastic bags (average plastic film used - LLDPE)",
  "tonnes-weight":0,
  "tonnes-co2e":0.0},
 {"region":"Stirling",
  "year":2016,
  "quarter":2,
  "yyyy-MM-dd":"2016-06-30",
  "material":"Scrap Metal",
  "tonnes-weight":0.01544,
  "tonnes-co2e":0.049372329999999997},
 {"region":"Stirling",
  "year":2014,
  "quarter":3,
  "yyyy-MM-dd":"2014-09-30",
  "material":"Wood",
  "tonnes-weight":0.034232,
  "tonnes-co2e":0.049910256000000004},
 {"region":"Stirling",
  "year":2019,
  "quarter":1,
  "yyyy-MM-dd":"2019-03-31",
  "material":"Food & Drink",
  "tonnes-weight":0.023839999999999996,
  "tonnes-co2e":0.09729494022399999},
 {"region":"Stirling",
  "year":2017,
  "quarter":1,
  "yyyy-MM-dd":"2017-03-31",
  "material":"Plastics",
  "tonnes-weight":0.018820000000000004,
  "tonnes-co2e":0.06349868000000002},
 {"region":"Stirling",
  "year":2014,
  "quarter":2,
  "yyyy-MM-dd":"2014-06-30",
  "material":"Books",
  "tonnes-weight":0.049905,
  "tonnes-co2e":0.076604175},
 {"region":"Stirling",
  "year":2015,
  "quarter":1,
  "yyyy-MM-dd":"2015-03-31",
  "material":"Books",
  "tonnes-weight":0.05217400000000001,
  "tonnes-co2e":0.08008709},
 {"region":"Stirling",
  "year":2015,
  "quarter":2,
  "yyyy-MM-dd":"2015-06-30",
  "material":"Paper & Cardboard",
  "tonnes-weight":0.020379,
  "tonnes-co2e":0.032367072999999999},
 {"region":"Stirling",
  "year":2014,
  "quarter":1,
  "yyyy-MM-dd":"2014-03-31",
  "material":"Scrap Metal",
  "tonnes-weight":0,
  "tonnes-co2e":0.0},
 {"region":"Stirling",
  "year":2015,
  "quarter":1,
  "yyyy-MM-dd":"2015-03-31",
  "material":"Aluminium",
  "tonnes-weight":0.038415,
  "tonnes-co2e":0.37896397499999995},
 {"region":"Stirling",
  "year":2019,
  "quarter":1,
  "yyyy-MM-dd":"2019-03-31",
  "material":"Wood",
  "tonnes-weight":0.008734,
  "tonnes-co2e":0.0038184803447999998},
 {"region":"Stirling",
  "year":2014,
  "quarter":4,
  "yyyy-MM-dd":"2014-12-31",
  "material":"Scrap Metal",
  "tonnes-weight":0.0009189999999999999,
  "tonnes-co2e":0.00255271100000000026},
 {"region":"Stirling",
  "year":2019,
  "quarter":3,
  "yyyy-MM-dd":"2019-09-30",
  "material":"Books",
  "tonnes-weight":0.46483,
  "tonnes-co2e":0.454156434091},
 {"region":"Stirling",
  "year":2017,
  "quarter":4,
  "yyyy-MM-dd":"2017-12-31",
  "material":"Paper & Cardboard",
  "tonnes-weight":0.011338000000000001,
  "tonnes-co2e":0.010884480000000002},
 {"region":"Stirling",
  "year":2017,
  "quarter":1,
  "yyyy-MM-dd":"2017-03-31",
  "material":"Textiles & Footwear",
  "tonnes-weight":0.10380000000000001,
  "tonnes-co2e":2.3179578},
 {"region":"Stirling",
  "year":2018,
  "quarter":4,
  "yyyy-MM-dd":"2018-12-31",
  "material":"Books",
  "tonnes-weight":0.11349099999999996,
  "tonnes-co2e":0.11084138236849995},
 {"region":"Stirling",
  "year":2019,
  "quarter":3,
  "yyyy-MM-dd":"2019-09-30",
  "material":"Scrap Metal",
  "tonnes-weight":0.16328600000000002,
  "tonnes-co2e":0.5269218510380001},
 {"region":"Stirling",
  "year":2017,
  "quarter":4,
  "yyyy-MM-dd":"2017-12-31",
  "material":"Mixed Cans",
  "tonnes-weight":0,
  "tonnes-co2e":0.0},
 {"region":"Stirling",
  "year":2015,
  "quarter":1,
  "yyyy-MM-dd":"2015-03-31",
  "material":"Food & Drink",
  "tonnes-weight":0.032979,
  "tonnes-co2e":0.1332445642176859},
 {"region":"Stirling",
  "year":2018,
  "quarter":2,
  "yyyy-MM-dd":"2018-06-30",
  "material":"Plastics",
  "tonnes-weight":0.028368000000000002,
  "tonnes-co2e":0.095713632},
 {"region":"Stirling",
  "year":2013,
  "quarter":2,
  "yyyy-MM-dd":"2013-06-30",
  "material":"Large WEEE (excluding fluorescent tubes)",
  "tonnes-weight":0,
  "tonnes-co2e":0.0},
 {"region":"Stirling",
  "year":2018,
  "quarter":3,
  "yyyy-MM-dd":"2018-09-30",
  "material":"Scrap Metal",
  "tonnes-weight":0.126654,
  "tonnes-co2e":0.3904910296},
 {"region":"Stirling",
  "year":2018,
  "quarter":4,
  "yyyy-MM-dd":"2018-12-31",
  "material":"Batteries",
  "tonnes-weight":0.0349,
  "tonnes-co2e":0.42435886152999996},
 {"region":"Stirling",
  "year":2015,
  "quarter":4,
  "yyyy-MM-dd":"2015-12-31",
  "material":"Paper & Cardboard",
  "tonnes-weight":0.001405,
  "tonnes-co2e":0.002156675},
 {"region":"Stirling",
  "year":2015,
  "quarter":2,
  "yyyy-MM-dd":"2015-06-30",
  "material":"Aggregates (rubble)",
  "tonnes-weight":0.016005,
  "tonnes-co2e":0.00012804},
 {"region":"Stirling",
  "year":2014,
  "quarter":1,
  "yyyy-MM-dd":"2014-03-31",
  "material":"Small WEEE",
  "tonnes-weight":0.0045,
  "tonnes-co2e":0.0079965},
 {"region":"Stirling",
  "year":2013,
  "quarter":2,
  "yyyy-MM-dd":"2013-06-30",
  "material":
  "plastic bottles (Average rigid plastics used - HDPE and PET)",
  "tonnes-weight":0.05793,
  "tonnes-co2e":0.19203795},
 {"region":"Stirling",
  "year":2019,
  "quarter":1,
  "yyyy-MM-dd":"2019-03-31",
  "material":"Paper & Cardboard",
  "tonnes-weight":0.00495,
  "tonnes-co2e":0.00442170927},
 {"region":"Stirling",
  "year":2019,
  "quarter":3,
  "yyyy-MM-dd":"2019-09-30",
  "material":"Plastics",
  "tonnes-weight":0.174022,
  "tonnes-co2e":0.5464998547474},
 {"region":"Stirling",
  "year":2014,
  "quarter":3,
  "yyyy-MM-dd":"2014-09-30",
  "material":"Aggregates (rubble)",
  "tonnes-weight":0.42611,
  "tonnes-co2e":0.0034088800000000004},
 {"region":"Stirling",
  "year":2017,
  "quarter":3,
  "yyyy-MM-dd":"2017-09-30",
  "material":"Mixed Cans",
  "tonnes-weight":0.0071,
  "tonnes-co2e":0.046434},
 {"region":"Stirling",
  "year":2017,
  "quarter":2,
  "yyyy-MM-dd":"2017-06-30",
  "material":"Food & Drink",
  "tonnes-weight":0,
  "tonnes-co2e":0.0},
 {"region":"Stirling",
  "year":2017,
  "quarter":1,
  "yyyy-MM-dd":"2017-03-31",
  "material":"Paper & Cardboard",
  "tonnes-weight":0.0017999999999999998,
  "tonnes-co2e":0.0017279999999999998},
 {"region":"Stirling",
  "year":2019,
  "quarter":3,
  "yyyy-MM-dd":"2019-09-30",
  "material":"Wood",
  "tonnes-weight":0.01834,
  "tonnes-co2e":0.008025242876},
 {"region":"Stirling",
  "year":2015,
  "quarter":3,
  "yyyy-MM-dd":"2015-09-30",
  "material":"Large WEEE (excluding fluorescent tubes)",
  "tonnes-weight":0.061443,
  "tonnes-co2e":0.07883136900000001},
 {"region":"Stirling",
  "year":2018,
  "quarter":3,
  "yyyy-MM-dd":"2018-09-30",
  "material":"Aggregates",
  "tonnes-weight":0.026009999999999998,
  "tonnes-co2e":0.00028611},
 {"region":"Stirling",
  "year":2015,
  "quarter":4,
  "yyyy-MM-dd":"2015-12-31",
  "material":"Aluminium",
  "tonnes-weight":0.003975,
  "tonnes-co2e":0.051408675},
 {"region":"Stirling",
  "year":2017,
  "quarter":4,
  "yyyy-MM-dd":"2017-12-31",
  "material":"Glass (Mixed - assumed go to aggregates)",
  "tonnes-weight":0.016631999999999998,
  "tonnes-co2e":0.015228259199999997},
 {"region":"Stirling",
  "year":2013,
  "quarter":1,
  "yyyy-MM-dd":"2013-03-31",
  "material":"Scrap Metal",
  "tonnes-weight":0,
  "tonnes-co2e":0.0},
 {"region":"Stirling",
  "year":2014,
  "quarter":1,
  "yyyy-MM-dd":"2014-03-31",
  "material":"Glass (Mixed - assumed go to aggregates)",
  "tonnes-weight":0,
  "tonnes-co2e":0.0},
 {"region":"Stirling",
  "year":2016,
  "quarter":3,
  "yyyy-MM-dd":"2016-09-30",
  "material":"Books",
  "tonnes-weight":0.60203,
  "tonnes-co2e":0.5779488},
 {"region":"Stirling",
  "year":2019,
  "quarter":3,
  "yyyy-MM-dd":"2019-09-30",
  "material":"Small WEEE",
  "tonnes-weight":0.14952,
  "tonnes-co2e":0.26629278748800004},
 {"region":"Stirling",
  "year":2017,
  "quarter":2,
  "yyyy-MM-dd":"2017-06-30",
  "material":"Plastics",
  "tonnes-weight":0.014588000000000001,
  "tonnes-co2e":0.04921991200000001},
 {"region":"Stirling",
  "year":2017,
  "quarter":2,
  "yyyy-MM-dd":"2017-06-30",
  "material":"Wood",
  "tonnes-weight":0.00023,
  "tonnes-co2e":0.00010488},
 {"region":"Stirling",
  "year":2013,
  "quarter":1,
  "yyyy-MM-dd":"2013-03-31",
  "material":"Textiles & Footwear",
  "tonnes-weight":0.1594,
  "tonnes-co2e":3.604034},
 {"region":"Stirling",
  "year":2019,
  "quarter":2,
  "yyyy-MM-dd":"2019-06-30",
  "material":"Batteries",
  "tonnes-weight":0.02539,
  "tonnes-co2e":0.308724111583},
 {"region":"Stirling",
  "year":2014,
  "quarter":4,
  "yyyy-MM-dd":"2014-12-31",
  "material":
  "plastic bottles (Average rigid plastics used - HDPE and PET)",
  "tonnes-weight":0.016072,
  "tonnes-co2e":0.053278679999999994},
 {"region":"Stirling",
  "year":2016,
  "quarter":1,
  "yyyy-MM-dd":"2016-03-31",
  "material":
  "plastic bottles (Average rigid plastics used - HDPE and PET)",
  "tonnes-weight":0.019773,
  "tonnes-co2e":0.065547495},
 {"region":"Stirling",
  "year":2014,
  "quarter":1,
  "yyyy-MM-dd":"2014-03-31",
  "material":"Aggregates (rubble)",
  "tonnes-weight":0.0546,
  "tonnes-co2e":0.0004368},
 {"region":"Stirling",
  "year":2017,
  "quarter":4,
  "yyyy-MM-dd":"2017-12-31",
  "material":"Textiles & Footwear",
  "tonnes-weight":0.12961999999999998,
  "tonnes-co2e":2.8945442199999993},
 {"region":"Stirling",
  "year":2019,
  "quarter":3,
  "yyyy-MM-dd":"2019-09-30",
  "material":"Aggregates",
  "tonnes-weight":0.4795299999999999,
  "tonnes-co2e":0.014000597644999997},
 {"region":"Stirling",
  "year":2018,
  "quarter":3,
  "yyyy-MM-dd":"2018-09-30",
  "material":"Aluminium",
  "tonnes-weight":0.283,
  "tonnes-co2e":3.660039},
 {"region":"Stirling",
  "year":2014,
  "quarter":3,
  "yyyy-MM-dd":"2014-09-30",
  "material":"plastic bags (average plastic film used - LLDPE)",
  "tonnes-weight":0.012347999999999999,
  "tonnes-co2e":0.0324135},
 {"region":"Stirling",
  "year":2014,
  "quarter":3,
  "yyyy-MM-dd":"2014-09-30",
  "material":"Books",
  "tonnes-weight":0.655813,
  "tonnes-co2e":1.0066729549999999},
 {"region":"Stirling",
  "year":2019,
  "quarter":2,
  "yyyy-MM-dd":"2019-06-30",
  "material":"Paper & Cardboard",
  "tonnes-weight":0.00452,
  "tonnes-co2e":0.0040376011919999995},
 {"region":"Stirling",
  "year":2017,
  "quarter":2,
  "yyyy-MM-dd":"2017-06-30",
  "material":"WEEE (Fridges\/Freezers)",
  "tonnes-weight":0,
  "tonnes-co2e":0.0},
 {"region":"Stirling",
  "year":2019,
  "quarter":3,
  "yyyy-MM-dd":"2019-09-30",
  "material":"Mixed Cans",
  "tonnes-weight":0,
  "tonnes-co2e":0.0},
 {"region":"Stirling",
  "year":2014,
  "quarter":4,
  "yyyy-MM-dd":"2014-12-31",
  "material":"Books",
  "tonnes-weight":0.04569,
  "tonnes-co2e":0.07013414999999999},
 {"region":"Stirling",
  "year":2016,
  "quarter":1,
  "yyyy-MM-dd":"2016-03-31",
  "material":"Textiles & Footwear",
  "tonnes-weight":0.07412,
  "tonnes-co2e":1.6084040000000002},
 {"region":"Stirling",
  "year":2016,
  "quarter":1,
  "yyyy-MM-dd":"2016-03-31",
  "material":"Aggregates (rubble)",
  "tonnes-weight":0.051645,
  "tonnes-co2e":0.024118215000000003},
 {"region":"Stirling",
  "year":2016,
  "quarter":1,
  "yyyy-MM-dd":"2016-03-31",
  "material":"Paper & Cardboard",
  "tonnes-weight":0.005085,
  "tonnes-co2e":0.007925825},
 {"region":"Stirling",
  "year":2017,
  "quarter":3,
  "yyyy-MM-dd":"2017-09-30",
  "material":"Scrap Metal",
  "tonnes-weight":0.22164,
  "tonnes-co2e":0.7046264559999999},
 {"region":"Stirling",
  "year":2018,
  "quarter":1,
  "yyyy-MM-dd":"2018-03-31",
  "material":"Aluminium",
  "tonnes-weight":0.046248000000000005,
  "tonnes-co2e":0.5981253840000002},
 {"region":"Stirling",
  "year":2015,
  "quarter":2,
  "yyyy-MM-dd":"2015-06-30",
  "material":"Food & Drink",
  "tonnes-weight":0.030432,
  "tonnes-co2e":0.12295395792087746},
 {"region":"Stirling",
  "year":2013,
  "quarter":2,
  "yyyy-MM-dd":"2013-06-30",
  "material":"Wood",
  "tonnes-weight":0.0931,
  "tonnes-co2e":0.1357398},
 {"region":"Stirling",
  "year":2018,
  "quarter":3,
  "yyyy-MM-dd":"2018-09-30",
  "material":"Batteries",
  "tonnes-weight":0,
  "tonnes-co2e":0.0},
 {"region":"Stirling",
  "year":2019,
  "quarter":4,
  "yyyy-MM-dd":"2019-12-31",
  "material":"Plastics",
  "tonnes-weight":0.016592000000000002,
  "tonnes-co2e":0.05209925332000002},
 {"region":"Stirling",
  "year":2016,
  "quarter":3,
  "yyyy-MM-dd":"2016-09-30",
  "material":"Aggregates",
  "tonnes-weight":0.588994,
  "tonnes-co2e":0.006478934},
 {"region":"Stirling",
  "year":2013,
  "quarter":2,
  "yyyy-MM-dd":"2013-06-30",
  "material":"plastic bags (average plastic film used - LLDPE)",
  "tonnes-weight":0.002,
  "tonnes-co2e":0.00525},
 {"region":"Stirling",
  "year":2016,
  "quarter":1,
  "yyyy-MM-dd":"2016-03-31",
  "material":"Large WEEE (excluding fluorescent tubes)",
  "tonnes-weight":0.00283,
  "tonnes-co2e":0.00363089},
 {"region":"Stirling",
  "year":2013,
  "quarter":2,
  "yyyy-MM-dd":"2013-06-30",
  "material":"Small WEEE",
  "tonnes-weight":0.081021,
  "tonnes-co2e":0.14397431699999999},
 {"region":"Stirling",
  "year":2015,
  "quarter":3,
  "yyyy-MM-dd":"2015-09-30",
  "material":"Scrap Metal",
  "tonnes-weight":0.230285,
  "tonnes-co2e":0.70226561499999999},
 {"region":"Stirling",
  "year":2017,
  "quarter":2,
  "yyyy-MM-dd":"2017-06-30",
  "material":"Glass (Mixed - assumed go to aggregates)",
  "tonnes-weight":0.00842,
  "tonnes-co2e":0.007709352},
 {"region":"Stirling",
  "year":2015,
  "quarter":1,
  "yyyy-MM-dd":"2015-03-31",
  "material":"Small WEEE",
  "tonnes-weight":0.02507,
  "tonnes-co2e":0.04454939},
 {"region":"Stirling",
  "year":2015,
  "quarter":4,
  "yyyy-MM-dd":"2015-12-31",
  "material":"plastic bags (average plastic film used - LLDPE)",
  "tonnes-weight":0,
  "tonnes-co2e":0.0},
 {"region":"Stirling",
  "year":2016,
  "quarter":1,
  "yyyy-MM-dd":"2016-03-31",
  "material":"Glass (Mixed - assumed go to aggregates)",
  "tonnes-weight":0,
  "tonnes-co2e":0.0},
 {"region":"Stirling",
  "year":2018,
  "quarter":3,
  "yyyy-MM-dd":"2018-09-30",
  "material":"Glass (Mixed - assumed go to aggregates)",
  "tonnes-weight":0.211929,
  "tonnes-co2e":0.1940421924},
 {"region":"Stirling",
  "year":2018,
  "quarter":2,
  "yyyy-MM-dd":"2018-06-30",
  "material":"Aluminium",
  "tonnes-weight":0.06557,
  "tonnes-co2e":0.84801681},
 {"region":"Stirling",
  "year":2015,
  "quarter":1,
  "yyyy-MM-dd":"2015-03-31",
  "material":"Glass (Mixed - assumed go to aggregates)",
  "tonnes-weight":0.0089,
  "tonnes-co2e":0.0079655000000000005},
 {"region":"Stirling",
  "year":2016,
  "quarter":4,
  "yyyy-MM-dd":"2016-12-31",
  "material":"Aggregates",
  "tonnes-weight":0.01796,
  "tonnes-co2e":0.00019755999999999999},
 {"region":"Stirling",
  "year":2015,
  "quarter":4,
  "yyyy-MM-dd":"2015-12-31",
  "material":"Aggregates (rubble)",
  "tonnes-weight":0.018005,
  "tonnes-co2e":0.00014404},
 {"region":"Stirling",
  "year":2016,
  "quarter":4,
  "yyyy-MM-dd":"2016-12-31",
  "material":"Paper & Cardboard",
  "tonnes-weight":0.00656,
  "tonnes-co2e":0.006297599999999999},
 {"region":"Stirling",
  "year":2016,
  "quarter":1,
  "yyyy-MM-dd":"2016-03-31",
  "material":"plastic bags (average plastic film used - LLDPE)",
  "tonnes-weight":0.000135,
  "tonnes-co2e":0.00035437500000000005},
 {"region":"Stirling",
  "year":2018,
  "quarter":1,
  "yyyy-MM-dd":"2018-03-31",
  "material":"Wood",
  "tonnes-weight":0.010613999999999999,
  "tonnes-co2e":0.004839983999999999},
 {"region":"Stirling",
  "year":2019,
  "quarter":1,
  "yyyy-MM-dd":"2019-03-31",
  "material":"Glass (Mixed - assumed go to aggregates)",
  "tonnes-weight":0.020254,
  "tonnes-co2e":0.018552664},
 {"region":"Stirling",
  "year":2014,
  "quarter":2,
  "yyyy-MM-dd":"2014-06-30",
  "material":"Food & Drink",
  "tonnes-weight":0.002121,
  "tonnes-co2e":0.008569444819603742},
 {"region":"Stirling",
  "year":2017,
  "quarter":1,
  "yyyy-MM-dd":"2017-03-31",
  "material":"Scrap Metal",
  "tonnes-weight":0.010584,
  "tonnes-co2e":0.0314016696},
 {"region":"Stirling",
  "year":2013,
  "quarter":2,
  "yyyy-MM-dd":"2013-06-30",
  "material":"Glass (colour separated - assumed remelt)",
  "tonnes-weight":0.049863,
  "tonnes-co2e":0.044627385000000004},
 {"region":"Stirling",
  "year":2017,
  "quarter":2,
  "yyyy-MM-dd":"2017-06-30",
  "material":"Small WEEE",
  "tonnes-weight":0.00448,
  "tonnes-co2e":0.007981120000000001},
 {"region":"Stirling",
  "year":2017,
  "quarter":3,
  "yyyy-MM-dd":"2017-09-30",
  "material":"Books",
  "tonnes-weight":0.9249299999999997,
  "tonnes-co2e":0.8879327999999997},
 {"region":"Stirling",
  "year":2015,
  "quarter":3,
  "yyyy-MM-dd":"2015-09-30",
  "material":"Aggregates (rubble)",
  "tonnes-weight":0.880482,
  "tonnes-co2e":0.007043856},
 {"region":"Stirling",
  "year":2014,
  "quarter":2,
  "yyyy-MM-dd":"2014-06-30",
  "material":"Large WEEE (excluding fluorescent tubes)",
  "tonnes-weight":0,
  "tonnes-co2e":0.0},
 {"region":"Stirling",
  "year":2016,
  "quarter":2,
  "yyyy-MM-dd":"2016-06-30",
  "material":"plastic bags (average plastic film used - LLDPE)",
  "tonnes-weight":0.010025,
  "tonnes-co2e":0.026315625000000004},
 {"region":"Stirling",
  "year":2018,
  "quarter":1,
  "yyyy-MM-dd":"2018-03-31",
  "material":"Small WEEE",
  "tonnes-weight":0.012570000000000004,
  "tonnes-co2e":0.022393455000000007},
 {"region":"Stirling",
  "year":2016,
  "quarter":2,
  "yyyy-MM-dd":"2016-06-30",
  "material":"Glass (Mixed - assumed go to aggregates)",
  "tonnes-weight":0.002505,
  "tonnes-co2e":0.002240973},
 {"region":"Stirling",
  "year":2018,
  "quarter":3,
  "yyyy-MM-dd":"2018-09-30",
  "material":"WEEE (Fridges\/Freezers)",
  "tonnes-weight":0.04502,
  "tonnes-co2e":0.172669708},
 {"region":"Stirling",
  "year":2016,
  "quarter":4,
  "yyyy-MM-dd":"2016-12-31",
  "material":"Aluminium",
  "tonnes-weight":0.00083,
  "tonnes-co2e":0.01073439},
 {"region":"Stirling",
  "year":2017,
  "quarter":3,
  "yyyy-MM-dd":"2017-09-30",
  "material":"Plastics",
  "tonnes-weight":0.21950000000000009,
  "tonnes-co2e":0.7405930000000003},
 {"region":"Stirling",
  "year":2019,
  "quarter":3,
  "yyyy-MM-dd":"2019-09-30",
  "material":"Batteries",
  "tonnes-weight":0,
  "tonnes-co2e":0.0},
 {"region":"Stirling",
  "year":2019,
  "quarter":4,
  "yyyy-MM-dd":"2019-12-31",
  "material":"Food & Drink",
  "tonnes-weight":0.0187,
  "tonnes-co2e":0.07631775932000001},
 {"region":"Stirling",
  "year":2019,
  "quarter":3,
  "yyyy-MM-dd":"2019-09-30",
  "material":"Aluminium",
  "tonnes-weight":0.34803,
  "tonnes-co2e":4.487844135366},
 {"region":"Stirling",
  "year":2018,
  "quarter":1,
  "yyyy-MM-dd":"2018-03-31",
  "material":"Textiles & Footwear",
  "tonnes-weight":0.42713400000000007,
  "tonnes-co2e":9.538329354000001},
 {"region":"Stirling",
  "year":2016,
  "quarter":3,
  "yyyy-MM-dd":"2016-09-30",
  "material":"Small WEEE",
  "tonnes-weight":0.238703,
  "tonnes-co2e":0.4252493945},
 {"region":"Stirling",
  "year":2019,
  "quarter":4,
  "yyyy-MM-dd":"2019-12-31",
  "material":"Books",
  "tonnes-weight":0.12203399999999999,
  "tonnes-co2e":0.119184933219},
 {"region":"Stirling",
  "year":2019,
  "quarter":1,
  "yyyy-MM-dd":"2019-03-31",
  "material":"Plastics",
  "tonnes-weight":0.04063199999999999,
  "tonnes-co2e":0.12758539421999998},
 {"region":"Stirling",
  "year":2014,
  "quarter":2,
  "yyyy-MM-dd":"2014-06-30",
  "material":"Textiles & Footwear",
  "tonnes-weight":0.133809,
  "tonnes-co2e":3.0254214899999997},
 {"region":"Stirling",
  "year":2018,
  "quarter":1,
  "yyyy-MM-dd":"2018-03-31",
  "material":"WEEE (Fridges\/Freezers)",
  "tonnes-weight":0,
  "tonnes-co2e":0.0},
 {"region":"Stirling",
  "year":2016,
  "quarter":3,
  "yyyy-MM-dd":"2016-09-30",
  "material":"Scrap Metal",
  "tonnes-weight":0.202938,
  "tonnes-co2e":0.6074103147},
 {"region":"Stirling",
  "year":2017,
  "quarter":1,
  "yyyy-MM-dd":"2017-03-31",
  "material":"Aggregates",
  "tonnes-weight":0.0642,
  "tonnes-co2e":0.0007061999999999999},
 {"region":"Stirling",
  "year":2016,
  "quarter":4,
  "yyyy-MM-dd":"2016-12-31",
  "material":"Textiles & Footwear",
  "tonnes-weight":0.24847399999999993,
  "tonnes-co2e":5.5486728939999975},
 {"region":"Stirling",
  "year":2019,
  "quarter":4,
  "yyyy-MM-dd":"2019-12-31",
  "material":"Paper & Cardboard",
  "tonnes-weight":0,
  "tonnes-co2e":0.0},
 {"region":"Stirling",
  "year":2017,
  "quarter":4,
  "yyyy-MM-dd":"2017-12-31",
  "material":"Wood",
  "tonnes-weight":0.003064,
  "tonnes-co2e":0.001397184},
 {"region":"Stirling",
  "year":2019,
  "quarter":4,
  "yyyy-MM-dd":"2019-12-31",
  "material":"Textiles & Footwear",
  "tonnes-weight":0.5764399999999998,
  "tonnes-co2e":12.872481639999996},
 {"region":"Stirling",
  "year":2019,
  "quarter":1,
  "yyyy-MM-dd":"2019-03-31",
  "material":"Aggregates",
  "tonnes-weight":0.111754,
  "tonnes-co2e":0.0008730557742},
 {"region":"Stirling",
  "year":2015,
  "quarter":3,
  "yyyy-MM-dd":"2015-09-30",
  "material":"Wood",
  "tonnes-weight":0.080017,
  "tonnes-co2e":0.098180859},
 {"region":"Stirling",
  "year":2016,
  "quarter":2,
  "yyyy-MM-dd":"2016-06-30",
  "material":"Wood",
  "tonnes-weight":0.00303,
  "tonnes-co2e":0.00371781},
 {"region":"Stirling",
  "year":2016,
  "quarter":4,
  "yyyy-MM-dd":"2016-12-31",
  "material":"Mixed Cans",
  "tonnes-weight":0.00086,
  "tonnes-co2e":0.0056244000000000005},
 {"region":"Stirling",
  "year":2016,
  "quarter":2,
  "yyyy-MM-dd":"2016-06-30",
  "material":"Large WEEE (excluding fluorescent tubes)",
  "tonnes-weight":0.0105,
  "tonnes-co2e":0.013471499999999999},
 {"region":"Stirling",
  "year":2013,
  "quarter":2,
  "yyyy-MM-dd":"2013-06-30",
  "material":"Glass (Mixed - assumed go to aggregates)",
  "tonnes-weight":0.0082,
  "tonnes-co2e":0.0073389999999999995},
 {"region":"Stirling",
  "year":2018,
  "quarter":1,
  "yyyy-MM-dd":"2018-03-31",
  "material":"Food & Drink",
  "tonnes-weight":0.043336,
  "tonnes-co2e":0.17685421599999998},
 {"region":"Stirling",
  "year":2019,
  "quarter":4,
  "yyyy-MM-dd":"2019-12-31",
  "material":"Scrap Metal",
  "tonnes-weight":0.018004,
  "tonnes-co2e":0.055472516956400006},
 {"region":"Stirling",
  "year":2014,
  "quarter":4,
  "yyyy-MM-dd":"2014-12-31",
  "material":"Wood",
  "tonnes-weight":0.002257,
  "tonnes-co2e":0.003290706},
 {"region":"Stirling",
  "year":2019,
  "quarter":3,
  "yyyy-MM-dd":"2019-09-30",
  "material":"Textiles & Footwear",
  "tonnes-weight":1.8260999999999997,
  "tonnes-co2e":40.77934068761999},
 {"region":"Stirling",
  "year":2019,
  "quarter":4,
  "yyyy-MM-dd":"2019-12-31",
  "material":"Small WEEE",
  "tonnes-weight":0.01441,
  "tonnes-co2e":0.025658448882000005},
 {"region":"Stirling",
  "year":2017,
  "quarter":4,
  "yyyy-MM-dd":"2017-12-31",
  "material":"Aluminium",
  "tonnes-weight":0,
  "tonnes-co2e":0.0},
 {"region":"Stirling",
  "year":2015,
  "quarter":4,
  "yyyy-MM-dd":"2015-12-31",
  "material":"Small WEEE",
  "tonnes-weight":0.01319,
  "tonnes-co2e":0.023438629999999996},
 {"region":"Stirling",
  "year":2015,
  "quarter":3,
  "yyyy-MM-dd":"2015-09-30",
  "material":"Books",
  "tonnes-weight":0.423032,
  "tonnes-co2e":0.642585608},
 {"region":"Stirling",
  "year":2017,
  "quarter":4,
  "yyyy-MM-dd":"2017-12-31",
  "material":"Small WEEE",
  "tonnes-weight":0.032187999999999995,
  "tonnes-co2e":0.05734292199999999},
 {"region":"Stirling",
  "year":2014,
  "quarter":2,
  "yyyy-MM-dd":"2014-06-30",
  "material":"Aggregates (rubble)",
  "tonnes-weight":0.045086,
  "tonnes-co2e":0.000360688},
 {"region":"Stirling",
  "year":2015,
  "quarter":1,
  "yyyy-MM-dd":"2015-03-31",
  "material":"Mixed Cans",
  "tonnes-weight":0,
  "tonnes-co2e":0.0},
 {"region":"Stirling",
  "year":2017,
  "quarter":3,
  "yyyy-MM-dd":"2017-09-30",
  "material":"Glass (Mixed - assumed go to aggregates)",
  "tonnes-weight":0.235596,
  "tonnes-co2e":0.2157116976},
 {"region":"Stirling",
  "year":2015,
  "quarter":1,
  "yyyy-MM-dd":"2015-03-31",
  "material":"Textiles & Footwear",
  "tonnes-weight":0.168624,
  "tonnes-co2e":3.8125886399999995},
 {"region":"Stirling",
  "year":2015,
  "quarter":1,
  "yyyy-MM-dd":"2015-03-31",
  "material":"Wood",
  "tonnes-weight":0.006127000000000001,
  "tonnes-co2e":0.008933166000000002},
 {"region":"Stirling",
  "year":2014,
  "quarter":1,
  "yyyy-MM-dd":"2014-03-31",
  "material":"Paper & Cardboard",
  "tonnes-weight":0,
  "tonnes-co2e":0.0},
 {"region":"Stirling",
  "year":2016,
  "quarter":2,
  "yyyy-MM-dd":"2016-06-30",
  "material":"Aggregates (rubble)",
  "tonnes-weight":0.034966,
  "tonnes-co2e":0.016329121999999998},
 {"region":"Stirling",
  "year":2015,
  "quarter":2,
  "yyyy-MM-dd":"2015-06-30",
  "material":"Textiles & Footwear",
  "tonnes-weight":0.153549,
  "tonnes-co2e":3.47174289},
 {"region":"Stirling",
  "year":2017,
  "quarter":1,
  "yyyy-MM-dd":"2017-03-31",
  "material":"Food & Drink",
  "tonnes-weight":0,
  "tonnes-co2e":0.0},
 {"region":"Stirling",
  "year":2017,
  "quarter":2,
  "yyyy-MM-dd":"2017-06-30",
  "material":"Aluminium",
  "tonnes-weight":0,
  "tonnes-co2e":0.0},
 {"region":"Stirling",
  "year":2015,
  "quarter":4,
  "yyyy-MM-dd":"2015-12-31",
  "material":"Mixed Cans",
  "tonnes-weight":0,
  "tonnes-co2e":0.0},
 {"region":"Stirling",
  "year":2016,
  "quarter":4,
  "yyyy-MM-dd":"2016-12-31",
  "material":"Small WEEE",
  "tonnes-weight":0.02639,
  "tonnes-co2e":0.047013785},
 {"region":"Stirling",
  "year":2014,
  "quarter":4,
  "yyyy-MM-dd":"2014-12-31",
  "material":"Paper & Cardboard",
  "tonnes-weight":0.0249419999999999997,
  "tonnes-co2e":0.0401845949999999997},
 {"region":"Stirling",
  "year":2014,
  "quarter":4,
  "yyyy-MM-dd":"2014-12-31",
  "material":"Glass (colour separated - assumed remelt)",
  "tonnes-weight":0.004268999999999999,
  "tonnes-co2e":0.0038207549999999992},
 {"region":"Stirling",
  "year":2014,
  "quarter":4,
  "yyyy-MM-dd":"2014-12-31",
  "material":"Textiles & Footwear",
  "tonnes-weight":0.07659,
  "tonnes-co2e":1.7316999},
 {"region":"Stirling",
  "year":2015,
  "quarter":4,
  "yyyy-MM-dd":"2015-12-31",
  "material":"Food & Drink",
  "tonnes-weight":0.00196,
  "tonnes-co2e":0.008839599999999999},
 {"region":"Stirling",
  "year":2018,
  "quarter":4,
  "yyyy-MM-dd":"2018-12-31",
  "material":"Plastics",
  "tonnes-weight":0.0441,
  "tonnes-co2e":0.13847499225},
 {"region":"Stirling",
  "year":2018,
  "quarter":3,
  "yyyy-MM-dd":"2018-09-30",
  "material":"Books",
  "tonnes-weight":0.6126320000000001,
  "tonnes-co2e":0.58812672},
 {"region":"Stirling",
  "year":2014,
  "quarter":1,
  "yyyy-MM-dd":"2014-03-31",
  "material":"Large WEEE (excluding fluorescent tubes)",
  "tonnes-weight":0.2449,
  "tonnes-co2e":0.407191799999999995},
 {"region":"Stirling",
  "year":2018,
  "quarter":2,
  "yyyy-MM-dd":"2018-06-30",
  "material":"Books",
  "tonnes-weight":0.15605199999999996,
  "tonnes-co2e":0.14980991999999998},
 {"region":"Stirling",
  "year":2013,
  "quarter":2,
  "yyyy-MM-dd":"2013-06-30",
  "material":"Scrap Metal",
  "tonnes-weight":0.0624,
  "tonnes-co2e":0.1704015000000000299},
 {"region":"Stirling",
  "year":2017,
  "quarter":1,
  "yyyy-MM-dd":"2017-03-31",
  "material":"Books",
  "tonnes-weight":0.06428399999999999,
  "tonnes-co2e":0.061712639999999986},
 {"region":"Stirling",
  "year":2019,
  "quarter":3,
  "yyyy-MM-dd":"2019-09-30",
  "material":"WEEE (Fridges\/Freezers)",
  "tonnes-weight":0,
  "tonnes-co2e":0.0},
 {"region":"Stirling",
  "year":2018,
  "quarter":3,
  "yyyy-MM-dd":"2018-09-30",
  "material":"Wood",
  "tonnes-weight":0.0069959999999999996,
  "tonnes-co2e":0.0031901759999999997},
 {"region":"Stirling",
  "year":2016,
  "quarter":1,
  "yyyy-MM-dd":"2016-03-31",
  "material":"Glass (colour separated - assumed remelt)",
  "tonnes-weight":0.015609,
  "tonnes-co2e":0.013963811399999999},
 {"region":"Stirling",
  "year":2014,
  "quarter":2,
  "yyyy-MM-dd":"2014-06-30",
  "material":"Mixed Cans",
  "tonnes-weight":0.000071,
  "tonnes-co2e":0.00034072899999999995},
 {"region":"Stirling",
  "year":2016,
  "quarter":3,
  "yyyy-MM-dd":"2016-09-30",
  "material":"Textiles & Footwear",
  "tonnes-weight":1.02444,
  "tonnes-co2e":22.87676964},
 {"region":"Stirling",
  "year":2018,
  "quarter":1,
  "yyyy-MM-dd":"2018-03-31",
  "material":"Glass (Mixed - assumed go to aggregates)",
  "tonnes-weight":0.015172,
  "tonnes-co2e":0.0138914832},
 {"region":"Stirling",
  "year":2018,
  "quarter":3,
  "yyyy-MM-dd":"2018-09-30",
  "material":"Paper & Cardboard",
  "tonnes-weight":0.01615,
  "tonnes-co2e":0.015503999999999998},
 {"region":"Stirling",
  "year":2017,
  "quarter":2,
  "yyyy-MM-dd":"2017-06-30",
  "material":"Aggregates",
  "tonnes-weight":0.028380000000000003,
  "tonnes-co2e":0.00031218},
 {"region":"Stirling",
  "year":2017,
  "quarter":2,
  "yyyy-MM-dd":"2017-06-30",
  "material":"Scrap Metal",
  "tonnes-weight":0.00026,
  "tonnes-co2e":0.000771394},
 {"region":"Stirling",
  "year":2015,
  "quarter":4,
  "yyyy-MM-dd":"2015-12-31",
  "material":"Glass (colour separated - assumed remelt)",
  "tonnes-weight":0.004575,
  "tonnes-co2e":0.004092795},
 {"region":"Stirling",
  "year":2013,
  "quarter":2,
  "yyyy-MM-dd":"2013-06-30",
  "material":"Aggregates (rubble)",
  "tonnes-weight":0.097525,
  "tonnes-co2e":0.0007802000000000001},
 {"region":"Stirling",
  "year":2013,
  "quarter":1,
  "yyyy-MM-dd":"2013-03-31",
  "material":"Glass (Mixed - assumed go to aggregates)",
  "tonnes-weight":0,
  "tonnes-co2e":0.0},
 {"region":"Stirling",
  "year":2016,
  "quarter":4,
  "yyyy-MM-dd":"2016-12-31",
  "material":"Books",
  "tonnes-weight":0.6526,
  "tonnes-co2e":0.626496},
 {"region":"Stirling",
  "year":2015,
  "quarter":4,
  "yyyy-MM-dd":"2015-12-31",
  "material":
  "plastic bottles (Average rigid plastics used - HDPE and PET)",
  "tonnes-weight":0.003515,
  "tonnes-co2e":0.011652225000000001},
 {"region":"Stirling",
  "year":2014,
  "quarter":1,
  "yyyy-MM-dd":"2014-03-31",
  "material":"Aluminium",
  "tonnes-weight":0.0057,
  "tonnes-co2e":0.0562305},
 {"region":"Stirling",
  "year":2019,
  "quarter":3,
  "yyyy-MM-dd":"2019-09-30",
  "material":"Food & Drink",
  "tonnes-weight":0.19927999999999997,
  "tonnes-co2e":0.8133708455839999},
 {"region":"Stirling",
  "year":2014,
  "quarter":3,
  "yyyy-MM-dd":"2014-09-30",
  "material":"Small WEEE",
  "tonnes-weight":0.16214599999999998,
  "tonnes-co2e":0.27369486399999995},
 {"region":"Stirling",
  "year":2018,
  "quarter":4,
  "yyyy-MM-dd":"2018-12-31",
  "material":"Mixed Cans",
  "tonnes-weight":0,
  "tonnes-co2e":0.0},
 {"region":"Stirling",
  "year":2014,
  "quarter":2,
  "yyyy-MM-dd":"2014-06-30",
  "material":"plastic bags (average plastic film used - LLDPE)",
  "tonnes-weight":0.00247,
  "tonnes-co2e":0.0064837500000000015},
 {"region":"Stirling",
  "year":2015,
  "quarter":1,
  "yyyy-MM-dd":"2015-03-31",
  "material":"Glass (colour separated - assumed remelt)",
  "tonnes-weight":0.028302999999999997,
  "tonnes-co2e":0.025331184999999998},
 {"region":"Stirling",
  "year":2018,
  "quarter":1,
  "yyyy-MM-dd":"2018-03-31",
  "material":"Batteries",
  "tonnes-weight":0,
  "tonnes-co2e":0.0},
 {"region":"Stirling",
  "year":2014,
  "quarter":4,
  "yyyy-MM-dd":"2014-12-31",
  "material":"Food & Drink",
  "tonnes-weight":0.0013,
  "tonnes-co2e":0.005252370705084802},
 {"region":"Stirling",
  "year":2019,
  "quarter":4,
  "yyyy-MM-dd":"2019-12-31",
  "material":"Wood",
  "tonnes-weight":0.008244,
  "tonnes-co2e":0.0036042537167999997},
 {"region":"Stirling",
  "year":2018,
  "quarter":1,
  "yyyy-MM-dd":"2018-03-31",
  "material":"Aggregates",
  "tonnes-weight":0.051019999999999996,
  "tonnes-co2e":0.0005612199999999999},
 {"region":"Stirling",
  "year":2013,
  "quarter":2,
  "yyyy-MM-dd":"2013-06-30",
  "material":"Paper & Cardboard",
  "tonnes-weight":0.01798,
  "tonnes-co2e":0.0282218},
 {"region":"Stirling",
  "year":2013,
  "quarter":1,
  "yyyy-MM-dd":"2013-03-31",
  "material":"Mixed Cans",
  "tonnes-weight":0,
  "tonnes-co2e":0.0},
 {"region":"Stirling",
  "year":2016,
  "quarter":1,
  "yyyy-MM-dd":"2016-03-31",
  "material":"Food & Drink",
  "tonnes-weight":0.001525,
  "tonnes-co2e":0.006877749999999999},
 {"region":"Stirling",
  "year":2014,
  "quarter":1,
  "yyyy-MM-dd":"2014-03-31",
  "material":"plastic bags (average plastic film used - LLDPE)",
  "tonnes-weight":0,
  "tonnes-co2e":0.0},
 {"region":"Stirling",
  "year":2017,
  "quarter":3,
  "yyyy-MM-dd":"2017-09-30",
  "material":"Batteries",
  "tonnes-weight":0,
  "tonnes-co2e":0.0},
 {"region":"Stirling",
  "year":2019,
  "quarter":2,
  "yyyy-MM-dd":"2019-06-30",
  "material":"Books",
  "tonnes-weight":0.16331700000000004,
  "tonnes-co2e":0.15950411965950002},
 {"region":"Stirling",
  "year":2016,
  "quarter":2,
  "yyyy-MM-dd":"2016-06-30",
  "material":
  "plastic bottles (Average rigid plastics used - HDPE and PET)",
  "tonnes-weight":0.014699,
  "tonnes-co2e":0.048727185000000006},
 {"region":"Stirling",
  "year":2018,
  "quarter":2,
  "yyyy-MM-dd":"2018-06-30",
  "material":"Batteries",
  "tonnes-weight":0,
  "tonnes-co2e":0.0},
 {"region":"Stirling",
  "year":2015,
  "quarter":3,
  "yyyy-MM-dd":"2015-09-30",
  "material":"Food & Drink",
  "tonnes-weight":0.935285,
  "tonnes-co2e":4.21813535},
 {"region":"Stirling",
  "year":2019,
  "quarter":1,
  "yyyy-MM-dd":"2019-03-31",
  "material":"Small WEEE",
  "tonnes-weight":0.034083999999999996,
  "tonnes-co2e":0.060689977216799996},
 {"region":"Stirling",
  "year":2016,
  "quarter":3,
  "yyyy-MM-dd":"2016-09-30",
  "material":"Aluminium",
  "tonnes-weight":0.353336,
  "tonnes-co2e":4.569694488},
 {"region":"Stirling",
  "year":2018,
  "quarter":3,
  "yyyy-MM-dd":"2018-09-30",
  "material":"Mixed Cans",
  "tonnes-weight":0.009591999999999999,
  "tonnes-co2e":0.06273167999999999},
 {"region":"Stirling",
  "year":2015,
  "quarter":3,
  "yyyy-MM-dd":"2015-09-30",
  "material":
  "plastic bottles (Average rigid plastics used - HDPE and PET)",
  "tonnes-weight":0.445597,
  "tonnes-co2e":1.477154055},
 {"region":"Stirling",
  "year":2017,
  "quarter":1,
  "yyyy-MM-dd":"2017-03-31",
  "material":"Batteries",
  "tonnes-weight":0,
  "tonnes-co2e":0.0},
 {"region":"Stirling",
  "year":2014,
  "quarter":4,
  "yyyy-MM-dd":"2014-12-31",
  "material":"Large WEEE (excluding fluorescent tubes)",
  "tonnes-weight":0,
  "tonnes-co2e":0.0},
 {"region":"Stirling",
  "year":2017,
  "quarter":4,
  "yyyy-MM-dd":"2017-12-31",
  "material":"Batteries",
  "tonnes-weight":0.050760000000000005,
  "tonnes-co2e":0.6179014800000001},
 {"region":"Stirling",
  "year":2014,
  "quarter":1,
  "yyyy-MM-dd":"2014-03-31",
  "material":"Glass (colour separated - assumed remelt)",
  "tonnes-weight":0.0071,
  "tonnes-co2e":0.0063545},
 {"region":"Stirling",
  "year":2015,
  "quarter":2,
  "yyyy-MM-dd":"2015-06-30",
  "material":"plastic bags (average plastic film used - LLDPE)",
  "tonnes-weight":0.001553,
  "tonnes-co2e":0.004076625},
 {"region":"Stirling",
  "year":2014,
  "quarter":3,
  "yyyy-MM-dd":"2014-09-30",
  "material":"Large WEEE (excluding fluorescent tubes)",
  "tonnes-weight":0.1098,
  "tonnes-co2e":0.15782819999999999},
 {"region":"Stirling",
  "year":2018,
  "quarter":4,
  "yyyy-MM-dd":"2018-12-31",
  "material":"Aggregates",
  "tonnes-weight":0.027967999999999996,
  "tonnes-co2e":0.00021849440639999995},
 {"region":"Stirling",
  "year":2013,
  "quarter":2,
  "yyyy-MM-dd":"2013-06-30",
  "material":"Food & Drink",
  "tonnes-weight":0.039900000000000006,
  "tonnes-co2e":0.16120737779452588},
 {"region":"Stirling",
  "year":2018,
  "quarter":2,
  "yyyy-MM-dd":"2018-06-30",
  "material":"Mixed Cans",
  "tonnes-weight":0,
  "tonnes-co2e":0.0},
 {"region":"Stirling",
  "year":2019,
  "quarter":1,
  "yyyy-MM-dd":"2019-03-31",
  "material":"Aluminium",
  "tonnes-weight":0.17175599999999997,
  "tonnes-co2e":2.2147262916479995},
 {"region":"Stirling",
  "year":2019,
  "quarter":1,
  "yyyy-MM-dd":"2019-03-31",
  "material":"Books",
  "tonnes-weight":0.05459,
  "tonnes-co2e":0.053315514565},
 {"region":"Stirling",
  "year":2019,
  "quarter":1,
  "yyyy-MM-dd":"2019-03-31",
  "material":"WEEE (Fridges\/Freezers)",
  "tonnes-weight":0,
  "tonnes-co2e":0.0},
 {"region":"Stirling",
  "year":2016,
  "quarter":3,
  "yyyy-MM-dd":"2016-09-30",
  "material":"Paper & Cardboard",
  "tonnes-weight":0.12074,
  "tonnes-co2e":0.11591039999999998},
 {"region":"Stirling",
  "year":2013,
  "quarter":2,
  "yyyy-MM-dd":"2013-06-30",
  "material":"Mixed Cans",
  "tonnes-weight":0.0086,
  "tonnes-co2e":0.04127139999999999},
 {"region":"Stirling",
  "year":2015,
  "quarter":2,
  "yyyy-MM-dd":"2015-06-30",
  "material":"Aluminium",
  "tonnes-weight":0.0087,
  "tonnes-co2e":0.08582549999999999},
 {"region":"Stirling",
  "year":2013,
  "quarter":1,
  "yyyy-MM-dd":"2013-03-31",
  "material":
  "plastic bottles (Average rigid plastics used - HDPE and PET)",
  "tonnes-weight":0.0228,
  "tonnes-co2e":0.07558200000000001},
 {"region":"Stirling",
  "year":2016,
  "quarter":4,
  "yyyy-MM-dd":"2016-12-31",
  "material":"Wood",
  "tonnes-weight":0.00006,
  "tonnes-co2e":0.00002736},
 {"region":"Stirling",
  "year":2014,
  "quarter":3,
  "yyyy-MM-dd":"2014-09-30",
  "material":"Glass (Mixed - assumed go to aggregates)",
  "tonnes-weight":0.040646,
  "tonnes-co2e":0.036378170000000004},
 {"region":"Stirling",
  "year":2015,
  "quarter":1,
  "yyyy-MM-dd":"2015-03-31",
  "material":
  "plastic bottles (Average rigid plastics used - HDPE and PET)",
  "tonnes-weight":0.061943,
  "tonnes-co2e":0.205341045},
 {"region":"Stirling",
  "year":2014,
  "quarter":2,
  "yyyy-MM-dd":"2014-06-30",
  "material":"Paper & Cardboard",
  "tonnes-weight":0.012930,
  "tonnes-co2e":0.020761629000000002},
 {"region":"Stirling",
  "year":2014,
  "quarter":3,
  "yyyy-MM-dd":"2014-09-30",
  "material":"Mixed Cans",
  "tonnes-weight":0.004991,
  "tonnes-co2e":0.023951808999999997},
 {"region":"Stirling",
  "year":2016,
  "quarter":2,
  "yyyy-MM-dd":"2016-06-30",
  "material":"Books",
  "tonnes-weight":0.055485,
  "tonnes-co2e":0.08428171499999999},
 {"region":"Stirling",
  "year":2019,
  "quarter":3,
  "yyyy-MM-dd":"2019-09-30",
  "material":"Glass (Mixed - assumed go to aggregates)",
  "tonnes-weight":0.18726,
  "tonnes-co2e":0.171602105292},
 {"region":"Stirling",
  "year":2013,
  "quarter":1,
  "yyyy-MM-dd":"2013-03-31",
  "material":"Paper & Cardboard",
  "tonnes-weight":0.0077,
  "tonnes-co2e":0.0118195},
 {"region":"Stirling",
  "year":2013,
  "quarter":1,
  "yyyy-MM-dd":"2013-03-31",
  "material":"Large WEEE (excluding fluorescent tubes)",
  "tonnes-weight":0,
  "tonnes-co2e":0.0},
 {"region":"Stirling",
  "year":2018,
  "quarter":1,
  "yyyy-MM-dd":"2018-03-31",
  "material":"Plastics",
  "tonnes-weight":0.026897999999999993,
  "tonnes-co2e":0.09075385199999998},
 {"region":"Stirling",
  "year":2015,
  "quarter":2,
  "yyyy-MM-dd":"2015-06-30",
  "material":"Glass (colour separated - assumed remelt)",
  "tonnes-weight":0.002171,
  "tonnes-co2e":0.001943045},
 {"region":"Stirling",
  "year":2017,
  "quarter":3,
  "yyyy-MM-dd":"2017-09-30",
  "material":"Wood",
  "tonnes-weight":0.029470000000000006,
  "tonnes-co2e":0.013438320000000003},
 {"region":"Stirling",
  "year":2014,
  "quarter":2,
  "yyyy-MM-dd":"2014-06-30",
  "material":"Glass (Mixed - assumed go to aggregates)",
  "tonnes-weight":0.00027,
  "tonnes-co2e":0.00024165000000000003},
 {"region":"Stirling",
  "year":2018,
  "quarter":4,
  "yyyy-MM-dd":"2018-12-31",
  "material":"Small WEEE",
  "tonnes-weight":0.030057999999999996,
  "tonnes-co2e":0.05352128081159999},
 {"region":"Stirling",
  "year":2016,
  "quarter":1,
  "yyyy-MM-dd":"2016-03-31",
  "material":"Books",
  "tonnes-weight":0.034005,
  "tonnes-co2e":0.051653594999999996},
 {"region":"Stirling",
  "year":2015,
  "quarter":3,
  "yyyy-MM-dd":"2015-09-30",
  "material":"plastic bags (average plastic film used - LLDPE)",
  "tonnes-weight":0.027224,
  "tonnes-co2e":0.07146300000000001},
 {"region":"Stirling",
  "year":2018,
  "quarter":2,
  "yyyy-MM-dd":"2018-06-30",
  "material":"Wood",
  "tonnes-weight":0.0031399999999999997,
  "tonnes-co2e":0.0014318399999999998},
 {"region":"Stirling",
  "year":2019,
  "quarter":1,
  "yyyy-MM-dd":"2019-03-31",
  "material":"Batteries",
  "tonnes-weight":0,
  "tonnes-co2e":0.0},
 {"region":"Stirling",
  "year":2014,
  "quarter":1,
  "yyyy-MM-dd":"2014-03-31",
  "material":"Food & Drink",
  "tonnes-weight":0,
  "tonnes-co2e":0.0},
 {"region":"Stirling",
  "year":2017,
  "quarter":4,
  "yyyy-MM-dd":"2017-12-31",
  "material":"Aggregates",
  "tonnes-weight":0.006779999999999999,
  "tonnes-co2e":0.00007458},
 {"region":"Stirling",
  "year":2016,
  "quarter":1,
  "yyyy-MM-dd":"2016-03-31",
  "material":"Scrap Metal",
  "tonnes-weight":0.016445,
  "tonnes-co2e":0.04838119},
 {"region":"Stirling",
  "year":2015,
  "quarter":3,
  "yyyy-MM-dd":"2015-09-30",
  "material":"Paper & Cardboard",
  "tonnes-weight":0.194219,
  "tonnes-co2e":0.30340654199999998},
 {"region":"Stirling",
  "year":2018,
  "quarter":1,
  "yyyy-MM-dd":"2018-03-31",
  "material":"Books",
  "tonnes-weight":0.173869,
  "tonnes-co2e":0.16691424},
 {"region":"Stirling",
  "year":2017,
  "quarter":3,
  "yyyy-MM-dd":"2017-09-30",
  "material":"WEEE (Fridges\/Freezers)",
  "tonnes-weight":0.0134,
  "tonnes-co2e":0.05139436},
 {"region":"Stirling",
  "year":2016,
  "quarter":2,
  "yyyy-MM-dd":"2016-06-30",
  "material":"Food & Drink",
  "tonnes-weight":0.00147,
  "tonnes-co2e":0.0066297},
 {"region":"Stirling",
  "year":2019,
  "quarter":1,
  "yyyy-MM-dd":"2019-03-31",
  "material":"Scrap Metal",
  "tonnes-weight":0.008079999999999998,
  "tonnes-co2e":0.02451882464},
 {"region":"Stirling",
  "year":2017,
  "quarter":2,
  "yyyy-MM-dd":"2017-06-30",
  "material":"Mixed Cans",
  "tonnes-weight":0,
  "tonnes-co2e":0.0},
 {"region":"Stirling",
  "year":2019,
  "quarter":2,
  "yyyy-MM-dd":"2019-06-30",
  "material":"Small WEEE",
  "tonnes-weight":0.062889999999999986,
  "tonnes-co2e":0.11198194657799999},
 {"region":"Stirling",
  "year":2014,
  "quarter":4,
  "yyyy-MM-dd":"2014-12-31",
  "material":"plastic bags (average plastic film used - LLDPE)",
  "tonnes-weight":0.000359,
  "tonnes-co2e":0.0009423750000000001},
 {"region":"Stirling",
  "year":2016,
  "quarter":2,
  "yyyy-MM-dd":"2016-06-30",
  "material":"Small WEEE",
  "tonnes-weight":0.02178,
  "tonnes-co2e":0.03870306},
 {"region":"Stirling",
  "year":2015,
  "quarter":1,
  "yyyy-MM-dd":"2015-03-31",
  "material":"Large WEEE (excluding fluorescent tubes)",
  "tonnes-weight":0,
  "tonnes-co2e":0.0},
 {"region":"Stirling",
  "year":2016,
  "quarter":4,
  "yyyy-MM-dd":"2016-12-31",
  "material":"Scrap Metal",
  "tonnes-weight":0.0006,
  "tonnes-co2e":0.00228024},
 {"region":"Stirling",
  "year":2019,
  "quarter":2,
  "yyyy-MM-dd":"2019-06-30",
  "material":"Wood",
  "tonnes-weight":0.010021999999999998,
  "tonnes-co2e":0.004381590338399999},
 {"region":"Stirling",
  "year":2017,
  "quarter":1,
  "yyyy-MM-dd":"2017-03-31",
  "material":"Glass (Mixed - assumed go to aggregates)",
  "tonnes-weight":0.0049,
  "tonnes-co2e":0.00448644},
 {"region":"Stirling",
  "year":2018,
  "quarter":4,
  "yyyy-MM-dd":"2018-12-31",
  "material":"Aluminium",
  "tonnes-weight":0.022839999999999996,
  "tonnes-co2e":0.29451284671999997},
 {"region":"Stirling",
  "year":2016,
  "quarter":2,
  "yyyy-MM-dd":"2016-06-30",
  "material":"Aluminium",
  "tonnes-weight":0.01346,
  "tonnes-co2e":0.18149464000000003},
 {"region":"Stirling",
  "year":2019,
  "quarter":4,
  "yyyy-MM-dd":"2019-12-31",
  "material":"Glass (Mixed - assumed go to aggregates)",
  "tonnes-weight":0.023280000000000005,
  "tonnes-co2e":0.021324480000000005},
 {"region":"Stirling",
  "year":2017,
  "quarter":4,
  "yyyy-MM-dd":"2017-12-31",
  "material":"WEEE (Fridges\/Freezers)",
  "tonnes-weight":0,
  "tonnes-co2e":0.0},
 {"region":"Stirling",
  "year":2018,
  "quarter":4,
  "yyyy-MM-dd":"2018-12-31",
  "material":"Food & Drink",
  "tonnes-weight":0.007102,
  "tonnes-co2e":0.028984423887200002},
 {"region":"Stirling",
  "year":2018,
  "quarter":4,
  "yyyy-MM-dd":"2018-12-31",
  "material":"Wood",
  "tonnes-weight":0.022823999999999998,
  "tonnes-co2e":0.0099785888928},
 {"region":"Stirling",
  "year":2017,
  "quarter":1,
  "yyyy-MM-dd":"2017-03-31",
  "material":"Aluminium",
  "tonnes-weight":0.0274,
  "tonnes-co2e":0.3543642},
 {"region":"Stirling",
  "year":2015,
  "quarter":1,
  "yyyy-MM-dd":"2015-03-31",
  "material":"plastic bags (average plastic film used - LLDPE)",
  "tonnes-weight":0.001859,
  "tonnes-co2e":0.004879875},
 {"region":"Stirling",
  "year":2015,
  "quarter":2,
  "yyyy-MM-dd":"2015-06-30",
  "material":"Glass (Mixed - assumed go to aggregates)",
  "tonnes-weight":0.00055,
  "tonnes-co2e":0.0004922500000000001},
 {"region":"Stirling",
  "year":2015,
  "quarter":3,
  "yyyy-MM-dd":"2015-09-30",
  "material":"Glass (Mixed - assumed go to aggregates)",
  "tonnes-weight":0.091206,
  "tonnes-co2e":0.0815928876},
 {"region":"Stirling",
  "year":2014,
  "quarter":4,
  "yyyy-MM-dd":"2014-12-31",
  "material":"Aluminium",
  "tonnes-weight":0.024789,
  "tonnes-co2e":0.244543485},
 {"region":"Stirling",
  "year":2019,
  "quarter":4,
  "yyyy-MM-dd":"2019-12-31",
  "material":"Aggregates",
  "tonnes-weight":0.05345,
  "tonnes-co2e":0.000417567435},
 {"region":"Stirling",
  "year":2019,
  "quarter":1,
  "yyyy-MM-dd":"2019-03-31",
  "material":"Mixed Cans",
  "tonnes-weight":0,
  "tonnes-co2e":0.0},
 {"region":"Stirling",
  "year":2015,
  "quarter":4,
  "yyyy-MM-dd":"2015-12-31",
  "material":"Wood",
  "tonnes-weight":0.0025,
  "tonnes-co2e":0.0030675},
 {"region":"Stirling",
  "year":2014,
  "quarter":1,
  "yyyy-MM-dd":"2014-03-31",
  "material":"Wood",
  "tonnes-weight":0,
  "tonnes-co2e":0.0},
 {"region":"Stirling",
  "year":2015,
  "quarter":4,
  "yyyy-MM-dd":"2015-12-31",
  "material":"Large WEEE (excluding fluorescent tubes)",
  "tonnes-weight":0,
  "tonnes-co2e":0.0},
 {"region":"Stirling",
  "year":2013,
  "quarter":1,
  "yyyy-MM-dd":"2013-03-31",
  "material":"Aggregates (rubble)",
  "tonnes-weight":0.0175,
  "tonnes-co2e":0.00014},
 {"region":"Stirling",
  "year":2016,
  "quarter":3,
  "yyyy-MM-dd":"2016-09-30",
  "material":"Batteries",
  "tonnes-weight":0.000175,
  "tonnes-co2e":0.002130275},
 {"region":"Stirling",
  "year":2019,
  "quarter":2,
  "yyyy-MM-dd":"2019-06-30",
  "material":"Plastics",
  "tonnes-weight":0.051650000000000006,
  "tonnes-co2e":0.16218216212500005},
 {"region":"Stirling",
  "year":2014,
  "quarter":1,
  "yyyy-MM-dd":"2014-03-31",
  "material":"Mixed Cans",
  "tonnes-weight":0,
  "tonnes-co2e":0.0},
 {"region":"Stirling",
  "year":2018,
  "quarter":4,
  "yyyy-MM-dd":"2018-12-31",
  "material":"Scrap Metal",
  "tonnes-weight":0.016226,
  "tonnes-co2e":0.0507778981624},
 {"region":"Stirling",
  "year":2019,
  "quarter":2,
  "yyyy-MM-dd":"2019-06-30",
  "material":"Aluminium",
  "tonnes-weight":0.04904999999999999,
  "tonnes-co2e":0.6324805223999999},
 {"region":"Stirling",
  "year":2019,
  "quarter":1,
  "yyyy-MM-dd":"2019-03-31",
  "material":"Textiles & Footwear",
  "tonnes-weight":0.21777499999999998,
  "tonnes-co2e":4.863133524999999},
 {"region":"Stirling",
  "year":2019,
  "quarter":4,
  "yyyy-MM-dd":"2019-12-31",
  "material":"Batteries",
  "tonnes-weight":0,
  "tonnes-co2e":0.0},
 {"region":"Stirling",
  "year":2019,
  "quarter":2,
  "yyyy-MM-dd":"2019-06-30",
  "material":"Textiles & Footwear",
  "tonnes-weight":0.4046400000000001,
  "tonnes-co2e":9.03601584},
 {"region":"Stirling",
  "year":2017,
  "quarter":4,
  "yyyy-MM-dd":"2017-12-31",
  "material":"Scrap Metal",
  "tonnes-weight":0.003640,
  "tonnes-co2e":0.0112512730},
 {"region":"Stirling",
  "year":2014,
  "quarter":3,
  "yyyy-MM-dd":"2014-09-30",
  "material":"Glass (colour separated - assumed remelt)",
  "tonnes-weight":0.135767,
  "tonnes-co2e":0.121511465},
 {"region":"Stirling",
  "year":2018,
  "quarter":2,
  "yyyy-MM-dd":"2018-06-30",
  "material":"Aggregates",
  "tonnes-weight":0.132784,
  "tonnes-co2e":0.001460624},
 {"region":"Stirling",
  "year":2017,
  "quarter":3,
  "yyyy-MM-dd":"2017-09-30",
  "material":"Aluminium",
  "tonnes-weight":0.3215100000000001,
  "tonnes-co2e":4.158088830000002},
 {"region":"Stirling",
  "year":2018,
  "quarter":3,
  "yyyy-MM-dd":"2018-09-30",
  "material":"Textiles & Footwear",
  "tonnes-weight":1.944311,
  "tonnes-co2e":43.418408940999994},
 {"region":"Stirling",
  "year":2018,
  "quarter":2,
  "yyyy-MM-dd":"2018-06-30",
  "material":"Paper & Cardboard",
  "tonnes-weight":0.002381,
  "tonnes-co2e":0.00228576},
 {"region":"Stirling",
  "year":2018,
  "quarter":2,
  "yyyy-MM-dd":"2018-06-30",
  "material":"Small WEEE",
  "tonnes-weight":0.020652,
  "tonnes-co2e":0.036791538},
 {"region":"Stirling",
  "year":2014,
  "quarter":1,
  "yyyy-MM-dd":"2014-03-31",
  "material":"Books",
  "tonnes-weight":0.06908,
  "tonnes-co2e":0.1060378},
 {"region":"Stirling",
  "year":2016,
  "quarter":2,
  "yyyy-MM-dd":"2016-06-30",
  "material":"Textiles & Footwear",
  "tonnes-weight":0.086125,
  "tonnes-co2e":1.8689125},
 {"region":"Stirling",
  "year":2018,
  "quarter":2,
  "yyyy-MM-dd":"2018-06-30",
  "material":"Food & Drink",
  "tonnes-weight":0.0088,
  "tonnes-co2e":0.035912800000000004},
 {"region":"Stirling",
  "year":2019,
  "quarter":2,
  "yyyy-MM-dd":"2019-06-30",
  "material":"Scrap Metal",
  "tonnes-weight":0.0253499999999999955,
  "tonnes-co2e":0.08106324471599999},
 {"region":"Stirling",
  "year":2017,
  "quarter":1,
  "yyyy-MM-dd":"2017-03-31",
  "material":"Wood",
  "tonnes-weight":0.0116,
  "tonnes-co2e":0.0052896},
 {"region":"Stirling",
  "year":2017,
  "quarter":3,
  "yyyy-MM-dd":"2017-09-30",
  "material":"Textiles & Footwear",
  "tonnes-weight":1.8481499999999996,
  "tonnes-co2e":41.27103764999999},
 {"region":"Stirling",
  "year":2018,
  "quarter":4,
  "yyyy-MM-dd":"2018-12-31",
  "material":"Paper & Cardboard",
  "tonnes-weight":0.010037999999999998,
  "tonnes-co2e":0.008966690434799998},
 {"region":"Stirling",
  "year":2016,
  "quarter":3,
  "yyyy-MM-dd":"2016-09-30",
  "material":"Food & Drink",
  "tonnes-weight":0.443146,
  "tonnes-co2e":1.808478826},
 {"region":"Stirling",
  "year":2016,
  "quarter":2,
  "yyyy-MM-dd":"2016-06-30",
  "material":"Glass (colour separated - assumed remelt)",
  "tonnes-weight":0.00765,
  "tonnes-co2e":0.00684369},
 {"region":"Stirling",
  "year":2017,
  "quarter":4,
  "yyyy-MM-dd":"2017-12-31",
  "material":"Books",
  "tonnes-weight":0.11225200000000001,
  "tonnes-co2e":0.10776192},
 {"region":"Stirling",
  "year":2019,
  "quarter":3,
  "yyyy-MM-dd":"2019-09-30",
  "material":"Paper & Cardboard",
  "tonnes-weight":0.01067,
  "tonnes-co2e":0.009535339396},
 {"region":"Stirling",
  "year":2016,
  "quarter":1,
  "yyyy-MM-dd":"2016-03-31",
  "material":"Small WEEE",
  "tonnes-weight":0.01504,
  "tonnes-co2e":0.02672608},
 {"region":"Stirling",
  "year":2016,
  "quarter":2,
  "yyyy-MM-dd":"2016-06-30",
  "material":"Mixed Cans",
  "tonnes-weight":0,
  "tonnes-co2e":0.0},
 {"region":"Stirling",
  "year":2014,
  "quarter":1,
  "yyyy-MM-dd":"2014-03-31",
  "material":
  "plastic bottles (Average rigid plastics used - HDPE and PET)",
  "tonnes-weight":0,
  "tonnes-co2e":0.0},
 {"region":"Stirling",
  "year":2017,
  "quarter":2,
  "yyyy-MM-dd":"2017-06-30",
  "material":"Textiles & Footwear",
  "tonnes-weight":0.07347000000000003,
  "tonnes-co2e":1.6406585700000005},
 {"region":"Stirling",
  "year":2014,
  "quarter":2,
  "yyyy-MM-dd":"2014-06-30",
  "material":"Scrap Metal",
  "tonnes-weight":0.002623,
  "tonnes-co2e":0.0079981629999999992},
 {"region":"Stirling",
  "year":2017,
  "quarter":3,
  "yyyy-MM-dd":"2017-09-30",
  "material":"Food & Drink",
  "tonnes-weight":0.5188599999999999,
  "tonnes-co2e":2.1174676599999993},
 {"region":"Stirling",
  "year":2017,
  "quarter":1,
  "yyyy-MM-dd":"2017-03-31",
  "material":"Small WEEE",
  "tonnes-weight":0.00443,
  "tonnes-co2e":0.007892044999999999},
 {"region":"Stirling",
  "year":2014,
  "quarter":3,
  "yyyy-MM-dd":"2014-09-30",
  "material":"Paper & Cardboard",
  "tonnes-weight":0.053936,
  "tonnes-co2e":0.084344689999999997},
 {"region":"Stirling",
  "year":2016,
  "quarter":4,
  "yyyy-MM-dd":"2016-12-31",
  "material":"Food & Drink",
  "tonnes-weight":0.010395,
  "tonnes-co2e":0.04242199499999999},
 {"region":"Stirling",
  "year":2014,
  "quarter":3,
  "yyyy-MM-dd":"2014-09-30",
  "material":"Food & Drink",
  "tonnes-weight":0.930195,
  "tonnes-co2e":3.7582530523202754},
 {"region":"Stirling",
  "year":2013,
  "quarter":2,
  "yyyy-MM-dd":"2013-06-30",
  "material":"Textiles & Footwear",
  "tonnes-weight":1.88108,
  "tonnes-co2e":42.531218799999995}]
