[{"region":"Renfrewshire", "year":2011, "count":79780},
 {"region":"South Lanarkshire", "year":2011, "count":140560},
 {"region":"Fife", "year":2011, "count":161866},
 {"region":"Moray", "year":2011, "count":40180},
 {"region":"West Dunbartonshire", "year":2011, "count":42962},
 {"region":"Glasgow City", "year":2011, "count":288789},
 {"region":"North Ayrshire", "year":2011, "count":62960},
 {"region":"Orkney Islands", "year":2011, "count":9424},
 {"region":"Shetland Islands", "year":2011, "count":9929},
 {"region":"Perth and Kinross", "year":2011, "count":65105},
 {"region":"Stirling", "year":2011, "count":37946},
 {"region":"West Lothian", "year":2011, "count":73585},
 {"region":"South Ayrshire", "year":2011, "count":52314},
 {"region":"Outer Hebrides", "year":2011, "count":12566},
 {"region":"North Lanarkshire", "year":2011, "count":146543},
 {"region":"Scottish Borders", "year":2011, "count":52660},
 {"region":"Dumfries and Galloway", "year":2011, "count":68720},
 {"region":"Inverclyde", "year":2011, "count":36759},
 {"region":"East Renfrewshire", "year":2011, "count":36539},
 {"region":"Angus", "year":2011, "count":51334},
 {"region":"East Ayrshire", "year":2011, "count":54948},
 {"region":"City of Edinburgh", "year":2011, "count":225161},
 {"region":"Aberdeenshire", "year":2011, "count":105397},
 {"region":"Clackmannanshire", "year":2011, "count":22934},
 {"region":"Falkirk", "year":2011, "count":69499},
 {"region":"Argyll and Bute", "year":2011, "count":41396},
 {"region":"East Dunbartonshire", "year":2011, "count":43459},
 {"region":"Highland", "year":2011, "count":103864},
 {"region":"East Lothian", "year":2011, "count":43518},
 {"region":"Midlothian", "year":2011, "count":35664},
 {"region":"Dundee City", "year":2011, "count":69913},
 {"region":"Aberdeen City", "year":2011, "count":106657},
 {"region":"East Dunbartonshire", "year":2012, "count":43773},
 {"region":"Glasgow City", "year":2012, "count":288979},
 {"region":"East Renfrewshire", "year":2012, "count":36834},
 {"region":"Highland", "year":2012, "count":104827},
 {"region":"Shetland Islands", "year":2012, "count":10043},
 {"region":"Orkney Islands", "year":2012, "count":9529},
 {"region":"Angus", "year":2012, "count":51744},
 {"region":"Moray", "year":2012, "count":40536},
 {"region":"Argyll and Bute", "year":2012, "count":41471},
 {"region":"Renfrewshire", "year":2012, "count":79795},
 {"region":"Scottish Borders", "year":2012, "count":52836},
 {"region":"West Dunbartonshire", "year":2012, "count":42966},
 {"region":"Clackmannanshire", "year":2012, "count":23048},
 {"region":"Fife", "year":2012, "count":162703},
 {"region":"Dundee City", "year":2012, "count":69999},
 {"region":"Falkirk", "year":2012, "count":69880},
 {"region":"West Lothian", "year":2012, "count":73906},
 {"region":"Inverclyde", "year":2012, "count":36722},
 {"region":"Aberdeenshire", "year":2012, "count":106439},
 {"region":"North Ayrshire", "year":2012, "count":62999},
 {"region":"Midlothian", "year":2012, "count":36135},
 {"region":"Outer Hebrides", "year":2012, "count":12714},
 {"region":"South Ayrshire", "year":2012, "count":52457},
 {"region":"North Lanarkshire", "year":2012, "count":147334},
 {"region":"East Ayrshire", "year":2012, "count":55201},
 {"region":"Aberdeen City", "year":2012, "count":107273},
 {"region":"South Lanarkshire", "year":2012, "count":141465},
 {"region":"Perth and Kinross", "year":2012, "count":65408},
 {"region":"Dumfries and Galloway", "year":2012, "count":69035},
 {"region":"East Lothian", "year":2012, "count":43959},
 {"region":"Stirling", "year":2012, "count":38182},
 {"region":"City of Edinburgh", "year":2012, "count":225748},
 {"region":"Scottish Borders", "year":2013, "count":53122},
 {"region":"East Lothian", "year":2013, "count":44169},
 {"region":"East Ayrshire", "year":2013, "count":55532},
 {"region":"South Ayrshire", "year":2013, "count":52598},
 {"region":"Dumfries and Galloway", "year":2013, "count":69357},
 {"region":"Dundee City", "year":2013, "count":70277},
 {"region":"South Lanarkshire", "year":2013, "count":142377},
 {"region":"Clackmannanshire", "year":2013, "count":23141},
 {"region":"East Dunbartonshire", "year":2013, "count":44099},
 {"region":"West Dunbartonshire", "year":2013, "count":42953},
 {"region":"Stirling", "year":2013, "count":38350},
 {"region":"Shetland Islands", "year":2013, "count":10082},
 {"region":"Aberdeenshire", "year":2013, "count":107569},
 {"region":"Perth and Kinross", "year":2013, "count":65860},
 {"region":"Inverclyde", "year":2013, "count":36778},
 {"region":"North Ayrshire", "year":2013, "count":63107},
 {"region":"Orkney Islands", "year":2013, "count":9606},
 {"region":"Angus", "year":2013, "count":52019},
 {"region":"Highland", "year":2013, "count":106014},
 {"region":"Glasgow City", "year":2013, "count":289762},
 {"region":"Aberdeen City", "year":2013, "count":108553},
 {"region":"Moray", "year":2013, "count":40881},
 {"region":"Outer Hebrides", "year":2013, "count":12894},
 {"region":"North Lanarkshire", "year":2013, "count":147950},
 {"region":"Midlothian", "year":2013, "count":36612},
 {"region":"Renfrewshire", "year":2013, "count":80855},
 {"region":"City of Edinburgh", "year":2013, "count":228545},
 {"region":"East Renfrewshire", "year":2013, "count":37040},
 {"region":"West Lothian", "year":2013, "count":74436},
 {"region":"Argyll and Bute", "year":2013, "count":41990},
 {"region":"Fife", "year":2013, "count":162939},
 {"region":"Falkirk", "year":2013, "count":70053},
 {"region":"City of Edinburgh", "year":2014, "count":231069},
 {"region":"Glasgow City", "year":2014, "count":291264},
 {"region":"Aberdeen City", "year":2014, "count":108543},
 {"region":"West Dunbartonshire", "year":2014, "count":43283},
 {"region":"South Lanarkshire", "year":2014, "count":143607},
 {"region":"Dumfries and Galloway", "year":2014, "count":69448},
 {"region":"Stirling", "year":2014, "count":38628},
 {"region":"Clackmannanshire", "year":2014, "count":23419},
 {"region":"Perth and Kinross", "year":2014, "count":66272},
 {"region":"Fife", "year":2014, "count":165087},
 {"region":"Angus", "year":2014, "count":52295},
 {"region":"West Lothian", "year":2014, "count":75178},
 {"region":"North Lanarkshire", "year":2014, "count":149118},
 {"region":"Aberdeenshire", "year":2014, "count":108856},
 {"region":"Argyll and Bute", "year":2014, "count":41761},
 {"region":"East Renfrewshire", "year":2014, "count":37287},
 {"region":"Falkirk", "year":2014, "count":70325},
 {"region":"Renfrewshire", "year":2014, "count":81327},
 {"region":"East Dunbartonshire", "year":2014, "count":44519},
 {"region":"Shetland Islands", "year":2014, "count":10111},
 {"region":"East Lothian", "year":2014, "count":44493},
 {"region":"Scottish Borders", "year":2014, "count":53330},
 {"region":"Outer Hebrides", "year":2014, "count":12844},
 {"region":"Inverclyde", "year":2014, "count":36822},
 {"region":"Moray", "year":2014, "count":41355},
 {"region":"Midlothian", "year":2014, "count":37245},
 {"region":"Highland", "year":2014, "count":107319},
 {"region":"Orkney Islands", "year":2014, "count":9704},
 {"region":"North Ayrshire", "year":2014, "count":63318},
 {"region":"South Ayrshire", "year":2014, "count":52843},
 {"region":"Dundee City", "year":2014, "count":70347},
 {"region":"East Ayrshire", "year":2014, "count":55383},
 {"region":"Renfrewshire", "year":2015, "count":82269},
 {"region":"Outer Hebrides", "year":2015, "count":12917},
 {"region":"Falkirk", "year":2015, "count":71186},
 {"region":"Dumfries and Galloway", "year":2015, "count":69654},
 {"region":"West Lothian", "year":2015, "count":75926},
 {"region":"East Renfrewshire", "year":2015, "count":37498},
 {"region":"North Lanarkshire", "year":2015, "count":149668},
 {"region":"Argyll and Bute", "year":2015, "count":41922},
 {"region":"South Lanarkshire", "year":2015, "count":144592},
 {"region":"Highland", "year":2015, "count":108415},
 {"region":"North Ayrshire", "year":2015, "count":63753},
 {"region":"Perth and Kinross", "year":2015, "count":66809},
 {"region":"Aberdeenshire", "year":2015, "count":110100},
 {"region":"Inverclyde", "year":2015, "count":36862},
 {"region":"Angus", "year":2015, "count":52784},
 {"region":"Fife", "year":2015, "count":165487},
 {"region":"Orkney Islands", "year":2015, "count":9805},
 {"region":"South Ayrshire", "year":2015, "count":52830},
 {"region":"East Ayrshire", "year":2015, "count":55636},
 {"region":"Stirling", "year":2015, "count":39005},
 {"region":"Glasgow City", "year":2015, "count":294116},
 {"region":"Midlothian", "year":2015, "count":37679},
 {"region":"West Dunbartonshire", "year":2015, "count":43478},
 {"region":"East Dunbartonshire", "year":2015, "count":45044},
 {"region":"Moray", "year":2015, "count":41678},
 {"region":"Scottish Borders", "year":2015, "count":53521},
 {"region":"Clackmannanshire", "year":2015, "count":23495},
 {"region":"Aberdeen City", "year":2015, "count":108576},
 {"region":"Shetland Islands", "year":2015, "count":10190},
 {"region":"City of Edinburgh", "year":2015, "count":231741},
 {"region":"Dundee City", "year":2015, "count":70233},
 {"region":"East Lothian", "year":2015, "count":44921},
 {"region":"Perth and Kinross", "year":2016, "count":67371},
 {"region":"Glasgow City", "year":2016, "count":297064},
 {"region":"Aberdeenshire", "year":2016, "count":110622},
 {"region":"North Lanarkshire", "year":2016, "count":150885},
 {"region":"Outer Hebrides", "year":2016, "count":12877},
 {"region":"Dundee City", "year":2016, "count":70389},
 {"region":"Aberdeen City", "year":2016, "count":110421},
 {"region":"South Ayrshire", "year":2016, "count":52847},
 {"region":"Moray", "year":2016, "count":41997},
 {"region":"Inverclyde", "year":2016, "count":37049},
 {"region":"Midlothian", "year":2016, "count":38453},
 {"region":"Falkirk", "year":2016, "count":71779},
 {"region":"Dumfries and Galloway", "year":2016, "count":69858},
 {"region":"Fife", "year":2016, "count":166804},
 {"region":"East Renfrewshire", "year":2016, "count":37825},
 {"region":"Argyll and Bute", "year":2016, "count":42012},
 {"region":"Renfrewshire", "year":2016, "count":82995},
 {"region":"Highland", "year":2016, "count":109076},
 {"region":"South Lanarkshire", "year":2016, "count":145398},
 {"region":"North Ayrshire", "year":2016, "count":63960},
 {"region":"Angus", "year":2016, "count":52898},
 {"region":"Orkney Islands", "year":2016, "count":9912},
 {"region":"Scottish Borders", "year":2016, "count":54020},
 {"region":"East Dunbartonshire", "year":2016, "count":45339},
 {"region":"East Ayrshire", "year":2016, "count":55799},
 {"region":"Clackmannanshire", "year":2016, "count":23562},
 {"region":"Stirling", "year":2016, "count":39271},
 {"region":"Shetland Islands", "year":2016, "count":10230},
 {"region":"East Lothian", "year":2016, "count":45275},
 {"region":"West Lothian", "year":2016, "count":76799},
 {"region":"West Dunbartonshire", "year":2016, "count":43539},
 {"region":"City of Edinburgh", "year":2016, "count":234149},
 {"region":"East Dunbartonshire", "year":2017, "count":45690},
 {"region":"Angus", "year":2017, "count":53235},
 {"region":"North Lanarkshire", "year":2017, "count":151572},
 {"region":"Stirling", "year":2017, "count":39624},
 {"region":"East Lothian", "year":2017, "count":45884},
 {"region":"West Lothian", "year":2017, "count":77505},
 {"region":"Renfrewshire", "year":2017, "count":83939},
 {"region":"West Dunbartonshire", "year":2017, "count":43638},
 {"region":"Moray", "year":2017, "count":42301},
 {"region":"Fife", "year":2017, "count":167889},
 {"region":"Glasgow City", "year":2017, "count":300282},
 {"region":"East Renfrewshire", "year":2017, "count":38133},
 {"region":"North Ayrshire", "year":2017, "count":64307},
 {"region":"Scottish Borders", "year":2017, "count":54545},
 {"region":"South Ayrshire", "year":2017, "count":53073},
 {"region":"Argyll and Bute", "year":2017, "count":42520},
 {"region":"East Ayrshire", "year":2017, "count":55918},
 {"region":"City of Edinburgh", "year":2017, "count":236642},
 {"region":"Aberdeen City", "year":2017, "count":111102},
 {"region":"Highland", "year":2017, "count":109855},
 {"region":"Midlothian", "year":2017, "count":39263},
 {"region":"South Lanarkshire", "year":2017, "count":146499},
 {"region":"Aberdeenshire", "year":2017, "count":111299},
 {"region":"Perth and Kinross", "year":2017, "count":67878},
 {"region":"Shetland Islands", "year":2017, "count":10292},
 {"region":"Falkirk", "year":2017, "count":72549},
 {"region":"Dumfries and Galloway", "year":2017, "count":70186},
 {"region":"Orkney Islands", "year":2017, "count":10041},
 {"region":"Inverclyde", "year":2017, "count":37083},
 {"region":"Clackmannanshire", "year":2017, "count":23749},
 {"region":"Outer Hebrides", "year":2017, "count":12706},
 {"region":"Dundee City", "year":2017, "count":70873},
 {"region":"City of Edinburgh", "year":2018, "count":239453},
 {"region":"Renfrewshire", "year":2018, "count":84698},
 {"region":"Argyll and Bute", "year":2018, "count":42617},
 {"region":"West Lothian", "year":2018, "count":78058},
 {"region":"West Dunbartonshire", "year":2018, "count":43768},
 {"region":"Stirling", "year":2018, "count":39731},
 {"region":"South Lanarkshire", "year":2018, "count":147471},
 {"region":"Aberdeenshire", "year":2018, "count":111400},
 {"region":"Aberdeen City", "year":2018, "count":112162},
 {"region":"Glasgow City", "year":2018, "count":304047},
 {"region":"Perth and Kinross", "year":2018, "count":68475},
 {"region":"North Lanarkshire", "year":2018, "count":152137},
 {"region":"Dundee City", "year":2018, "count":71116},
 {"region":"Angus", "year":2018, "count":53474},
 {"region":"Fife", "year":2018, "count":168853},
 {"region":"East Dunbartonshire", "year":2018, "count":46017},
 {"region":"Outer Hebrides", "year":2018, "count":12708},
 {"region":"East Renfrewshire", "year":2018, "count":38311},
 {"region":"Highland", "year":2018, "count":110368},
 {"region":"Falkirk", "year":2018, "count":72944},
 {"region":"Dumfries and Galloway", "year":2018, "count":70209},
 {"region":"Clackmannanshire", "year":2018, "count":23842},
 {"region":"East Lothian", "year":2018, "count":46583},
 {"region":"East Ayrshire", "year":2018, "count":56186},
 {"region":"Scottish Borders", "year":2018, "count":54548},
 {"region":"Orkney Islands", "year":2018, "count":10155},
 {"region":"South Ayrshire", "year":2018, "count":53242},
 {"region":"Shetland Islands", "year":2018, "count":10329},
 {"region":"Midlothian", "year":2018, "count":39777},
 {"region":"Inverclyde", "year":2018, "count":37061},
 {"region":"North Ayrshire", "year":2018, "count":64445},
 {"region":"Moray", "year":2018, "count":42582},
 {"region":"City of Edinburgh", "year":2019, "count":242460},
 {"region":"Renfrewshire", "year":2019, "count":85664},
 {"region":"Argyll and Bute", "year":2019, "count":42797},
 {"region":"West Lothian", "year":2019, "count":79186},
 {"region":"West Dunbartonshire", "year":2019, "count":43943},
 {"region":"Stirling", "year":2019, "count":39974},
 {"region":"South Lanarkshire", "year":2019, "count":148816},
 {"region":"Aberdeenshire", "year":2019, "count":112574},
 {"region":"Aberdeen City", "year":2019, "count":112921},
 {"region":"Glasgow City", "year":2019, "count":307161},
 {"region":"Perth and Kinross", "year":2019, "count":69337},
 {"region":"North Lanarkshire", "year":2019, "count":152872},
 {"region":"Dundee City", "year":2019, "count":71495},
 {"region":"Angus", "year":2019, "count":53826},
 {"region":"Fife", "year":2019, "count":170238},
 {"region":"East Dunbartonshire", "year":2019, "count":46191},
 {"region":"Outer Hebrides", "year":2019, "count":12783},
 {"region":"East Renfrewshire", "year":2019, "count":38557},
 {"region":"Highland", "year":2019, "count":111046},
 {"region":"Falkirk", "year":2019, "count":73356},
 {"region":"Dumfries and Galloway", "year":2019, "count":70346},
 {"region":"Clackmannanshire", "year":2019, "count":24090},
 {"region":"East Lothian", "year":2019, "count":47413},
 {"region":"East Ayrshire", "year":2019, "count":56475},
 {"region":"Scottish Borders", "year":2019, "count":54926},
 {"region":"Orkney Islands", "year":2019, "count":10226},
 {"region":"South Ayrshire", "year":2019, "count":53590},
 {"region":"Shetland Islands", "year":2019, "count":10389},
 {"region":"Midlothian", "year":2019, "count":40423},
 {"region":"Inverclyde", "year":2019, "count":37034},
 {"region":"North Ayrshire", "year":2019, "count":64669},
 {"region":"Moray", "year":2019, "count":42983},
 {"region":"City of Edinburgh", "year":2020, "count":242862},
 {"region":"Renfrewshire", "year":2020, "count":86111},
 {"region":"Argyll and Bute", "year":2020, "count":42815},
 {"region":"West Lothian", "year":2020, "count":80061},
 {"region":"West Dunbartonshire", "year":2020, "count":44070},
 {"region":"Stirling", "year":2020, "count":40217},
 {"region":"South Lanarkshire", "year":2020, "count":149802},
 {"region":"Aberdeenshire", "year":2020, "count":113031},
 {"region":"Aberdeen City", "year":2020, "count":113392},
 {"region":"Glasgow City", "year":2020, "count":309200},
 {"region":"Perth and Kinross", "year":2020, "count":69660},
 {"region":"North Lanarkshire", "year":2020, "count":153273},
 {"region":"Dundee City", "year":2020, "count":71405},
 {"region":"Angus", "year":2020, "count":54059},
 {"region":"Fife", "year":2020, "count":170704},
 {"region":"East Dunbartonshire", "year":2020, "count":46566},
 {"region":"Outer Hebrides", "year":2020, "count":12784},
 {"region":"East Renfrewshire", "year":2020, "count":38790},
 {"region":"Highland", "year":2020, "count":111597},
 {"region":"Falkirk", "year":2020, "count":73659},
 {"region":"Dumfries and Galloway", "year":2020, "count":70637},
 {"region":"Clackmannanshire", "year":2020, "count":24249},
 {"region":"East Lothian", "year":2020, "count":48103},
 {"region":"East Ayrshire", "year":2020, "count":56629},
 {"region":"Scottish Borders", "year":2020, "count":54933},
 {"region":"Orkney Islands", "year":2020, "count":10264},
 {"region":"South Ayrshire", "year":2020, "count":53481},
 {"region":"Shetland Islands", "year":2020, "count":10401},
 {"region":"Midlothian", "year":2020, "count":40773},
 {"region":"Inverclyde", "year":2020, "count":37080},
 {"region":"North Ayrshire", "year":2020, "count":64960},
 {"region":"Moray", "year":2020, "count":43187}]
