[{"region":"Aberdeen City", "year":2013, "tonnes":251386.54},
 {"region":"Aberdeen City", "year":2015, "tonnes":254691.52},
 {"region":"Aberdeen City", "year":2012, "tonnes":268300.04},
 {"region":"Aberdeen City", "year":2014, "tonnes":252280.48},
 {"region":"Aberdeen City", "year":2011, "tonnes":284570.52},
 {"region":"Aberdeen City", "year":2017, "tonnes":198457.82},
 {"region":"Aberdeen City", "year":2019, "tonnes":180260.08},
 {"region":"Aberdeen City", "year":2016, "tonnes":253014.04},
 {"region":"Aberdeen City", "year":2018, "tonnes":198520.35},
 {"region":"Aberdeenshire", "year":2013, "tonnes":341201.65},
 {"region":"Aberdeenshire", "year":2015, "tonnes":326703.78},
 {"region":"Aberdeenshire", "year":2012, "tonnes":345963.64},
 {"region":"Aberdeenshire", "year":2014, "tonnes":333131.32},
 {"region":"Aberdeenshire", "year":2011, "tonnes":388382.66},
 {"region":"Aberdeenshire", "year":2017, "tonnes":324744.27},
 {"region":"Aberdeenshire", "year":2019, "tonnes":310946.56},
 {"region":"Aberdeenshire", "year":2016, "tonnes":335342.56},
 {"region":"Aberdeenshire", "year":2018, "tonnes":308147.54},
 {"region":"Angus", "year":2013, "tonnes":122417.82},
 {"region":"Angus", "year":2015, "tonnes":112960.94},
 {"region":"Angus", "year":2012, "tonnes":142586.11},
 {"region":"Angus", "year":2014, "tonnes":121945.49},
 {"region":"Angus", "year":2011, "tonnes":136750.23},
 {"region":"Angus", "year":2017, "tonnes":115851.3},
 {"region":"Angus", "year":2019, "tonnes":100812.99},
 {"region":"Angus", "year":2016, "tonnes":120934.7},
 {"region":"Angus", "year":2018, "tonnes":112141.6},
 {"region":"Argyll and Bute", "year":2013, "tonnes":125105.2},
 {"region":"Argyll and Bute", "year":2015, "tonnes":132630.1},
 {"region":"Argyll and Bute", "year":2012, "tonnes":131958.45},
 {"region":"Argyll and Bute", "year":2014, "tonnes":134689.27},
 {"region":"Argyll and Bute", "year":2011, "tonnes":127816.42},
 {"region":"Argyll and Bute", "year":2017, "tonnes":126816.89},
 {"region":"Argyll and Bute", "year":2019, "tonnes":117899.46},
 {"region":"Argyll and Bute", "year":2016, "tonnes":137205.96},
 {"region":"Argyll and Bute", "year":2018, "tonnes":119133.64},
 {"region":"City of Edinburgh", "year":2013, "tonnes":480304.9},
 {"region":"City of Edinburgh", "year":2015, "tonnes":467412.9},
 {"region":"City of Edinburgh", "year":2012, "tonnes":475669.48},
 {"region":"City of Edinburgh", "year":2014, "tonnes":472525.84},
 {"region":"City of Edinburgh", "year":2011, "tonnes":503845.61},
 {"region":"City of Edinburgh", "year":2017, "tonnes":506753.57},
 {"region":"City of Edinburgh", "year":2019, "tonnes":471188.11},
 {"region":"City of Edinburgh", "year":2016, "tonnes":472825.51},
 {"region":"City of Edinburgh", "year":2018, "tonnes":492763.8},
 {"region":"Clackmannanshire", "year":2013, "tonnes":56696.29},
 {"region":"Clackmannanshire", "year":2015, "tonnes":56312.54},
 {"region":"Clackmannanshire", "year":2012, "tonnes":57461.95},
 {"region":"Clackmannanshire", "year":2014, "tonnes":59172.95},
 {"region":"Clackmannanshire", "year":2011, "tonnes":70744.84},
 {"region":"Clackmannanshire", "year":2017, "tonnes":55303.13},
 {"region":"Clackmannanshire", "year":2019, "tonnes":53322.71},
 {"region":"Clackmannanshire", "year":2016, "tonnes":54419.01},
 {"region":"Clackmannanshire", "year":2018, "tonnes":53563.59},
 {"region":"Dumfries and Galloway", "year":2013, "tonnes":217160.94},
 {"region":"Dumfries and Galloway", "year":2015, "tonnes":208539.13},
 {"region":"Dumfries and Galloway", "year":2012, "tonnes":225553.37},
 {"region":"Dumfries and Galloway", "year":2014, "tonnes":220803.01},
 {"region":"Dumfries and Galloway", "year":2011, "tonnes":234720.82},
 {"region":"Dumfries and Galloway", "year":2017, "tonnes":219796.19},
 {"region":"Dumfries and Galloway", "year":2019, "tonnes":209440.15},
 {"region":"Dumfries and Galloway", "year":2016, "tonnes":224545.57},
 {"region":"Dumfries and Galloway", "year":2018, "tonnes":226977.69},
 {"region":"Dundee City", "year":2013, "tonnes":158108.71},
 {"region":"Dundee City", "year":2015, "tonnes":163792.17},
 {"region":"Dundee City", "year":2012, "tonnes":184805.97},
 {"region":"Dundee City", "year":2014, "tonnes":155234.71},
 {"region":"Dundee City", "year":2011, "tonnes":164637.27},
 {"region":"Dundee City", "year":2017, "tonnes":155825.84},
 {"region":"Dundee City", "year":2019, "tonnes":149839.01},
 {"region":"Dundee City", "year":2016, "tonnes":167256.79},
 {"region":"Dundee City", "year":2018, "tonnes":148309.77},
 {"region":"East Ayrshire", "year":2013, "tonnes":132824.03},
 {"region":"East Ayrshire", "year":2015, "tonnes":121631.44},
 {"region":"East Ayrshire", "year":2012, "tonnes":141284.18},
 {"region":"East Ayrshire", "year":2014, "tonnes":126942.99},
 {"region":"East Ayrshire", "year":2011, "tonnes":145156.06},
 {"region":"East Ayrshire", "year":2017, "tonnes":121302.64},
 {"region":"East Ayrshire", "year":2019, "tonnes":119102.13},
 {"region":"East Ayrshire", "year":2016, "tonnes":120485.29},
 {"region":"East Ayrshire", "year":2018, "tonnes":118072.84},
 {"region":"East Dunbartonshire", "year":2013, "tonnes":123559.6},
 {"region":"East Dunbartonshire", "year":2015, "tonnes":123273.42},
 {"region":"East Dunbartonshire", "year":2012, "tonnes":132093.41},
 {"region":"East Dunbartonshire", "year":2014, "tonnes":118992.14},
 {"region":"East Dunbartonshire", "year":2011, "tonnes":142264.46},
 {"region":"East Dunbartonshire", "year":2017, "tonnes":130601.89},
 {"region":"East Dunbartonshire", "year":2019, "tonnes":110997.62},
 {"region":"East Dunbartonshire", "year":2016, "tonnes":124905.57},
 {"region":"East Dunbartonshire", "year":2018, "tonnes":111395.22},
 {"region":"East Lothian", "year":2013, "tonnes":119798.46},
 {"region":"East Lothian", "year":2015, "tonnes":114026.36},
 {"region":"East Lothian", "year":2012, "tonnes":120864.48},
 {"region":"East Lothian", "year":2014, "tonnes":123525.7},
 {"region":"East Lothian", "year":2011, "tonnes":129635.81},
 {"region":"East Lothian", "year":2017, "tonnes":111917.93},
 {"region":"East Lothian", "year":2019, "tonnes":106233.13},
 {"region":"East Lothian", "year":2016, "tonnes":114931.49},
 {"region":"East Lothian", "year":2018, "tonnes":110671.63},
 {"region":"East Renfrewshire", "year":2013, "tonnes":96751.49},
 {"region":"East Renfrewshire", "year":2015, "tonnes":101088.82},
 {"region":"East Renfrewshire", "year":2012, "tonnes":105700.48},
 {"region":"East Renfrewshire", "year":2014, "tonnes":102518.05},
 {"region":"East Renfrewshire", "year":2011, "tonnes":119358.51},
 {"region":"East Renfrewshire", "year":2017, "tonnes":95963.41},
 {"region":"East Renfrewshire", "year":2019, "tonnes":94537.89},
 {"region":"East Renfrewshire", "year":2016, "tonnes":101101.76},
 {"region":"East Renfrewshire", "year":2018, "tonnes":89058.28},
 {"region":"Falkirk", "year":2013, "tonnes":162901.14},
 {"region":"Falkirk", "year":2015, "tonnes":153315.46},
 {"region":"Falkirk", "year":2012, "tonnes":165811.33},
 {"region":"Falkirk", "year":2014, "tonnes":157378.61},
 {"region":"Falkirk", "year":2011, "tonnes":185439.3},
 {"region":"Falkirk", "year":2017, "tonnes":149771.37},
 {"region":"Falkirk", "year":2019, "tonnes":153945.99},
 {"region":"Falkirk", "year":2016, "tonnes":156989.54},
 {"region":"Falkirk", "year":2018, "tonnes":154934.88},
 {"region":"Fife", "year":2013, "tonnes":375433.89},
 {"region":"Fife", "year":2015, "tonnes":388929.56},
 {"region":"Fife", "year":2012, "tonnes":417838.04},
 {"region":"Fife", "year":2014, "tonnes":377693.23},
 {"region":"Fife", "year":2011, "tonnes":451724.02},
 {"region":"Fife", "year":2017, "tonnes":348827.72},
 {"region":"Fife", "year":2019, "tonnes":387425.15},
 {"region":"Fife", "year":2016, "tonnes":365825.68},
 {"region":"Fife", "year":2018, "tonnes":339825.4},
 {"region":"Glasgow City", "year":2013, "tonnes":686365.1},
 {"region":"Glasgow City", "year":2015, "tonnes":673050.98},
 {"region":"Glasgow City", "year":2012, "tonnes":694444.84},
 {"region":"Glasgow City", "year":2014, "tonnes":676159.67},
 {"region":"Glasgow City", "year":2011, "tonnes":762399.92},
 {"region":"Glasgow City", "year":2017, "tonnes":678903.33},
 {"region":"Glasgow City", "year":2019, "tonnes":744090.13},
 {"region":"Glasgow City", "year":2016, "tonnes":661880.94},
 {"region":"Glasgow City", "year":2018, "tonnes":733838.38},
 {"region":"Highland", "year":2013, "tonnes":305552.54},
 {"region":"Highland", "year":2015, "tonnes":318292.77},
 {"region":"Highland", "year":2012, "tonnes":306425.53},
 {"region":"Highland", "year":2014, "tonnes":310898.09},
 {"region":"Highland", "year":2011, "tonnes":291326.33},
 {"region":"Highland", "year":2017, "tonnes":320643.5},
 {"region":"Highland", "year":2019, "tonnes":297897.89},
 {"region":"Highland", "year":2016, "tonnes":320207.82},
 {"region":"Highland", "year":2018, "tonnes":317170.82},
 {"region":"Inverclyde", "year":2013, "tonnes":64746.68},
 {"region":"Inverclyde", "year":2015, "tonnes":61110.81},
 {"region":"Inverclyde", "year":2012, "tonnes":79931.03},
 {"region":"Inverclyde", "year":2014, "tonnes":58606.22},
 {"region":"Inverclyde", "year":2011, "tonnes":90533.69},
 {"region":"Inverclyde", "year":2017, "tonnes":56822.31},
 {"region":"Inverclyde", "year":2019, "tonnes":58005.69},
 {"region":"Inverclyde", "year":2016, "tonnes":63347.84},
 {"region":"Inverclyde", "year":2018, "tonnes":57547.07},
 {"region":"Midlothian", "year":2013, "tonnes":98602.36},
 {"region":"Midlothian", "year":2015, "tonnes":91430.84},
 {"region":"Midlothian", "year":2012, "tonnes":97330.73},
 {"region":"Midlothian", "year":2014, "tonnes":92297.35},
 {"region":"Midlothian", "year":2011, "tonnes":96717.27},
 {"region":"Midlothian", "year":2017, "tonnes":98178.29},
 {"region":"Midlothian", "year":2019, "tonnes":91550.52},
 {"region":"Midlothian", "year":2016, "tonnes":95307.07},
 {"region":"Midlothian", "year":2018, "tonnes":91864.42},
 {"region":"Moray", "year":2013, "tonnes":102058.16},
 {"region":"Moray", "year":2015, "tonnes":96668.58},
 {"region":"Moray", "year":2012, "tonnes":114010.24},
 {"region":"Moray", "year":2014, "tonnes":103522.5},
 {"region":"Moray", "year":2011, "tonnes":124198.66},
 {"region":"Moray", "year":2017, "tonnes":97367.96},
 {"region":"Moray", "year":2019, "tonnes":87796.45},
 {"region":"Moray", "year":2016, "tonnes":96300.99},
 {"region":"Moray", "year":2018, "tonnes":91647.15},
 {"region":"Outer Hebrides", "year":2013, "tonnes":34572.49},
 {"region":"Outer Hebrides", "year":2015, "tonnes":37069.39},
 {"region":"Outer Hebrides", "year":2012, "tonnes":35935.2},
 {"region":"Outer Hebrides", "year":2014, "tonnes":35446.52},
 {"region":"Outer Hebrides", "year":2011, "tonnes":43513.87},
 {"region":"Outer Hebrides", "year":2017, "tonnes":38582.28},
 {"region":"Outer Hebrides", "year":2019, "tonnes":36484.5},
 {"region":"Outer Hebrides", "year":2016, "tonnes":39072.9},
 {"region":"Outer Hebrides", "year":2018, "tonnes":37890.75},
 {"region":"North Ayrshire", "year":2013, "tonnes":137359.77},
 {"region":"North Ayrshire", "year":2015, "tonnes":140643.98},
 {"region":"North Ayrshire", "year":2012, "tonnes":149901.92},
 {"region":"North Ayrshire", "year":2014, "tonnes":143032.56},
 {"region":"North Ayrshire", "year":2011, "tonnes":171465.43},
 {"region":"North Ayrshire", "year":2017, "tonnes":138758.23},
 {"region":"North Ayrshire", "year":2019, "tonnes":132846.59},
 {"region":"North Ayrshire", "year":2016, "tonnes":141122.42},
 {"region":"North Ayrshire", "year":2018, "tonnes":141041.99},
 {"region":"North Lanarkshire", "year":2013, "tonnes":386145.54},
 {"region":"North Lanarkshire", "year":2015, "tonnes":397847.94},
 {"region":"North Lanarkshire", "year":2012, "tonnes":414559.45},
 {"region":"North Lanarkshire", "year":2014, "tonnes":371944.62},
 {"region":"North Lanarkshire", "year":2011, "tonnes":457003},
 {"region":"North Lanarkshire", "year":2017, "tonnes":409844.57},
 {"region":"North Lanarkshire", "year":2019, "tonnes":361416.08},
 {"region":"North Lanarkshire", "year":2016, "tonnes":408245.81},
 {"region":"North Lanarkshire", "year":2018, "tonnes":353940.63},
 {"region":"Orkney Islands", "year":2013, "tonnes":26862.84},
 {"region":"Orkney Islands", "year":2015, "tonnes":24768.53},
 {"region":"Orkney Islands", "year":2012, "tonnes":27670.19},
 {"region":"Orkney Islands", "year":2014, "tonnes":27693.21},
 {"region":"Orkney Islands", "year":2011, "tonnes":25775.77},
 {"region":"Orkney Islands", "year":2017, "tonnes":29076.23},
 {"region":"Orkney Islands", "year":2019, "tonnes":26999.1},
 {"region":"Orkney Islands", "year":2016, "tonnes":28540.21},
 {"region":"Orkney Islands", "year":2018, "tonnes":27128.41},
 {"region":"Perth and Kinross", "year":2013, "tonnes":152753.85},
 {"region":"Perth and Kinross", "year":2015, "tonnes":149343.42},
 {"region":"Perth and Kinross", "year":2012, "tonnes":158973.36},
 {"region":"Perth and Kinross", "year":2014, "tonnes":148627.33},
 {"region":"Perth and Kinross", "year":2011, "tonnes":209244.94},
 {"region":"Perth and Kinross", "year":2017, "tonnes":140920.45},
 {"region":"Perth and Kinross", "year":2019, "tonnes":141893.38},
 {"region":"Perth and Kinross", "year":2016, "tonnes":152218.54},
 {"region":"Perth and Kinross", "year":2018, "tonnes":140218.46},
 {"region":"Renfrewshire", "year":2013, "tonnes":199196.29},
 {"region":"Renfrewshire", "year":2015, "tonnes":193119.42},
 {"region":"Renfrewshire", "year":2012, "tonnes":220064.49},
 {"region":"Renfrewshire", "year":2014, "tonnes":198096.61},
 {"region":"Renfrewshire", "year":2011, "tonnes":223303.13},
 {"region":"Renfrewshire", "year":2017, "tonnes":195416.85},
 {"region":"Renfrewshire", "year":2019, "tonnes":180557.29},
 {"region":"Renfrewshire", "year":2016, "tonnes":195744.18},
 {"region":"Renfrewshire", "year":2018, "tonnes":189500.02},
 {"region":"Scottish Borders", "year":2013, "tonnes":123108.71},
 {"region":"Scottish Borders", "year":2015, "tonnes":128339.03},
 {"region":"Scottish Borders", "year":2012, "tonnes":129555.48},
 {"region":"Scottish Borders", "year":2014, "tonnes":128170.89},
 {"region":"Scottish Borders", "year":2011, "tonnes":137640.54},
 {"region":"Scottish Borders", "year":2017, "tonnes":134429.02},
 {"region":"Scottish Borders", "year":2019, "tonnes":123165.54},
 {"region":"Scottish Borders", "year":2016, "tonnes":131503.65},
 {"region":"Scottish Borders", "year":2018, "tonnes":134118.08},
 {"region":"Shetland Islands", "year":2013, "tonnes":32115.53},
 {"region":"Shetland Islands", "year":2015, "tonnes":33650.45},
 {"region":"Shetland Islands", "year":2012, "tonnes":33588},
 {"region":"Shetland Islands", "year":2014, "tonnes":31736.02},
 {"region":"Shetland Islands", "year":2011, "tonnes":34121.59},
 {"region":"Shetland Islands", "year":2017, "tonnes":32006.96},
 {"region":"Shetland Islands", "year":2019, "tonnes":29252.97},
 {"region":"Shetland Islands", "year":2016, "tonnes":32751.92},
 {"region":"Shetland Islands", "year":2018, "tonnes":31051.88},
 {"region":"South Ayrshire", "year":2013, "tonnes":138627.12},
 {"region":"South Ayrshire", "year":2015, "tonnes":121106.38},
 {"region":"South Ayrshire", "year":2012, "tonnes":148640.41},
 {"region":"South Ayrshire", "year":2014, "tonnes":122999.53},
 {"region":"South Ayrshire", "year":2011, "tonnes":144066.27},
 {"region":"South Ayrshire", "year":2017, "tonnes":126038.68},
 {"region":"South Ayrshire", "year":2019, "tonnes":108979.57},
 {"region":"South Ayrshire", "year":2016, "tonnes":125903.69},
 {"region":"South Ayrshire", "year":2018, "tonnes":124757.37},
 {"region":"South Lanarkshire", "year":2013, "tonnes":383544.11},
 {"region":"South Lanarkshire", "year":2015, "tonnes":378978.55},
 {"region":"South Lanarkshire", "year":2012, "tonnes":411207.75},
 {"region":"South Lanarkshire", "year":2014, "tonnes":386558.81},
 {"region":"South Lanarkshire", "year":2011, "tonnes":458874.01},
 {"region":"South Lanarkshire", "year":2017, "tonnes":370202.38},
 {"region":"South Lanarkshire", "year":2019, "tonnes":337047.59},
 {"region":"South Lanarkshire", "year":2016, "tonnes":362831.68},
 {"region":"South Lanarkshire", "year":2018, "tonnes":361194.97},
 {"region":"Stirling", "year":2013, "tonnes":85611.83},
 {"region":"Stirling", "year":2015, "tonnes":86960.25},
 {"region":"Stirling", "year":2012, "tonnes":87139.73},
 {"region":"Stirling", "year":2014, "tonnes":84830.61},
 {"region":"Stirling", "year":2011, "tonnes":92590.99},
 {"region":"Stirling", "year":2017, "tonnes":84555.53},
 {"region":"Stirling", "year":2019, "tonnes":87065.36},
 {"region":"Stirling", "year":2016, "tonnes":89509.29},
 {"region":"Stirling", "year":2018, "tonnes":88160.01},
 {"region":"West Dunbartonshire", "year":2013, "tonnes":90331.93},
 {"region":"West Dunbartonshire", "year":2015, "tonnes":111118.72},
 {"region":"West Dunbartonshire", "year":2012, "tonnes":103512.31},
 {"region":"West Dunbartonshire", "year":2014, "tonnes":100894.32},
 {"region":"West Dunbartonshire", "year":2011, "tonnes":119424.64},
 {"region":"West Dunbartonshire", "year":2017, "tonnes":104711.52},
 {"region":"West Dunbartonshire", "year":2019, "tonnes":95008.2},
 {"region":"West Dunbartonshire", "year":2016, "tonnes":106830.85},
 {"region":"West Dunbartonshire", "year":2018, "tonnes":102725.46},
 {"region":"West Lothian", "year":2013, "tonnes":166657.69},
 {"region":"West Lothian", "year":2015, "tonnes":168733.58},
 {"region":"West Lothian", "year":2012, "tonnes":176200.54},
 {"region":"West Lothian", "year":2014, "tonnes":168269.98},
 {"region":"West Lothian", "year":2011, "tonnes":200493.37},
 {"region":"West Lothian", "year":2017, "tonnes":145822.45},
 {"region":"West Lothian", "year":2019, "tonnes":158981.85},
 {"region":"West Lothian", "year":2016, "tonnes":170225.68},
 {"region":"West Lothian", "year":2018, "tonnes":152060.99}]
