[{"description":
  "The categorised quantities of the waste generated by industry & commerce.",
  "supplier":"SEPA",
  "created-when":2020,
  "creator":"SEPA",
  "name":"business-waste-by-region",
  "licence":"OGL v2.0",
  "notes":"Published as a series of downloadable Excel files.",
  "count":8976,
  "licence-url":
  "http:\/\/www.nationalarchives.gov.uk\/doc\/open-government-licence\/version\/2\/",
  "supply-url":
  "https:\/\/www.sepa.org.uk\/environment\/waste\/waste-data\/waste-data-reporting\/business-waste-data"},
 {"description":"Meta level information.",
  "supplier":"DCS",
  "created-when":2021,
  "creator":"DCS",
  "name":"meta",
  "licence":"CC BY 4.0",
  "notes":"",
  "count":21,
  "licence-url":"https:\/\/creativecommons.org\/licenses\/by\/4.0\/",
  "supply-url":"file:\/\/\/"},
 {"description":
  "The per-furniture-category average weights of items sold.",
  "supplier":"Alloa Community Enterprises",
  "created-when":2021,
  "creator":"Alloa Community Enterprises",
  "name":"ace-furniture-avg-weight",
  "licence":"CC BY 4.0",
  "notes":"Supplied as an Excel spreadsheet.",
  "count":164,
  "licence-url":"https:\/\/creativecommons.org\/licenses\/by\/4.0\/",
  "supply-url":"file:\/\/\/"},
 {"description":
  "(An anonymised subset of) An analysis of sampled bin collection contents.",
  "supplier":"ZWS",
  "created-when":2021,
  "creator":"ZWS",
  "name":"household-waste-analysis",
  "licence":"CC BY 4.0",
  "notes":"Supplied as an Excel spreadsheet.",
  "count":1440,
  "licence-url":"https:\/\/creativecommons.org\/licenses\/by\/4.0\/",
  "supply-url":"file:\/\/\/"},
 {"description":
  "The categorised quantities of the waste generated by industry & commerce.",
  "supplier":"SEPA",
  "created-when":2020,
  "creator":"SEPA",
  "name":"business-waste-by-sector",
  "licence":"OGL v2.0",
  "notes":"Published as a series of downloadable Excel files.",
  "count":2640,
  "licence-url":
  "http:\/\/www.nationalarchives.gov.uk\/doc\/open-government-licence\/version\/2\/",
  "supply-url":
  "https:\/\/www.sepa.org.uk\/environment\/waste\/waste-data\/waste-data-reporting\/business-waste-data"},
 {"description":
  "Per-material weight-multipliers to calaculate CO2e amounts. This data has been copied from section 6.2 of The Scottish Carbon Metric.",
  "supplier":"ZWS",
  "created-when":2012,
  "creator":"ZWS",
  "name":"co2e-multiplier",
  "licence":"OGL v3.0",
  "notes":"Published as a PDF document.",
  "count":37,
  "licence-url":
  "http:\/\/www.nationalarchives.gov.uk\/doc\/open-government-licence\/version\/3\/",
  "supply-url":
  "https:\/\/www.zerowastescotland.org.uk\/sites\/default\/files\/The%20Scottish%20Carbon%20Metric.pdf"},
 {"description":"The per-day number of people visiting the store.",
  "supplier":"Transition Stirling",
  "created-when":2021,
  "creator":"Transition Stirling",
  "name":"stirling-community-food-footfall",
  "licence":"CC BY 4.0",
  "notes":"Supplied as an Excel spreadsheet.",
  "count":360,
  "licence-url":"https:\/\/creativecommons.org\/licenses\/by\/4.0\/",
  "supply-url":"file:\/\/\/"},
 {"description":
  "Scottish council areas with UK government codes and Wikidata IDs.",
  "supplier":"DCS",
  "created-when":2021,
  "creator":"DCS",
  "name":"region",
  "licence":"CC BY 4.0",
  "notes":"Choose to use the common name for each region.",
  "count":34,
  "licence-url":"https:\/\/creativecommons.org\/licenses\/by\/4.0\/",
  "supply-url":"file:\/\/\/"},
 {"description":
  "The carbon impact of the waste generated by household.",
  "supplier":"SEPA",
  "created-when":2020,
  "creator":"SEPA",
  "name":"household-co2e",
  "licence":"OGL v2.0",
  "notes":
  "Published through a web-based data tool, the data can be downloaded as a CSV file.",
  "count":288,
  "licence-url":
  "http:\/\/www.nationalarchives.gov.uk\/doc\/open-government-licence\/version\/2\/",
  "supply-url":
  "https:\/\/www.environment.gov.scot\/data\/data-analysis\/household-waste"},
 {"description":
  "The per-year per-quarter per-material amount (weight and CO2e) of reused items.",
  "supplier":"The Fair Share",
  "created-when":2021,
  "creator":"The Fair Share",
  "name":"fairshare",
  "licence":"CC BY 4.0",
  "notes":"Supplied as an Excel spreadsheet.",
  "count":376,
  "licence-url":"https:\/\/creativecommons.org\/licenses\/by\/4.0\/",
  "supply-url":"file:\/\/\/"},
 {"description":
  "The categorised quantities of the waste collected from household bins.",
  "supplier":"Stirling council",
  "created-when":2021,
  "creator":"Stirling council",
  "name":"bin-collection",
  "licence":"OGL v3.0",
  "notes":
  "Published through a web-based data tool (CKAN), the data can be downloaded as CSV files.",
  "count":145,
  "licence-url":
  "http:\/\/www.nationalarchives.gov.uk\/doc\/open-government-licence\/version\/3\/",
  "supply-url":
  "https:\/\/data.stirling.gov.uk\/dataset\/waste-management"},
 {"description":
  "Occupied residential dwelling counts. Useful for calculating per-household amounts.",
  "supplier":"statistics.gov.scot",
  "created-when":2020,
  "creator":"NRS",
  "name":"household",
  "licence":"OGL v3.0",
  "notes":
  "Published as an RDF data cube, the data can be accessed via SPARQL.",
  "count":320,
  "licence-url":
  "http:\/\/www.nationalarchives.gov.uk\/doc\/open-government-licence\/version\/3\/",
  "supply-url":
  "http:\/\/statistics.gov.scot\/data\/household-estimates"},
 {"description":
  "The categorised quantities of the ('managed') waste generated by household.",
  "supplier":"statistics.gov.scot",
  "created-when":2020,
  "creator":"SEPA",
  "name":"household-waste",
  "licence":"OGL v3.0",
  "notes":
  "Published as an RDF data cube, the data can be accessed via SPARQL.",
  "count":19008,
  "licence-url":
  "http:\/\/www.nationalarchives.gov.uk\/doc\/open-government-licence\/version\/3\/",
  "supply-url":"http:\/\/statistics.gov.scot\/data\/household-waste"},
 {"description":
  "People counts. Useful for calculating per-citizen amounts.",
  "supplier":"statistics.gov.scot",
  "created-when":2021,
  "creator":"NRS",
  "name":"population",
  "licence":"OGL v3.0",
  "notes":
  "Published as an RDF data cube, the data can be accessed via SPARQL.",
  "count":288,
  "licence-url":
  "http:\/\/www.nationalarchives.gov.uk\/doc\/open-government-licence\/version\/3\/",
  "supply-url":
  "http:\/\/statistics.gov.scot\/data\/population-estimates-current-geographic-boundaries"},
 {"description":
  "The per-day amount of food flowing in\/out of the organisation from\/to partner organisations.",
  "supplier":"Transition Stirling",
  "created-when":2021,
  "creator":"Transition Stirling",
  "name":"stirling-community-food-tonnes",
  "licence":"CC BY 4.0",
  "notes":"Supplied as an Excel spreadsheet.",
  "count":1350,
  "licence-url":"https:\/\/creativecommons.org\/licenses\/by\/4.0\/",
  "supply-url":"file:\/\/\/"},
 {"description":"The per-year per-material I\/O of waste sites.",
  "supplier":"SEPA",
  "created-when":2020,
  "creator":"SEPA",
  "name":"waste-site-material-io",
  "licence":"OGL v2.0",
  "notes":
  "Published through a web-based data tool, the data can be downloaded as a CSV file.",
  "count":118333,
  "licence-url":
  "http:\/\/www.nationalarchives.gov.uk\/doc\/open-government-licence\/version\/2\/",
  "supply-url":
  "https:\/\/www.sepa.org.uk\/data-visualisation\/waste-sites-and-capacity-tool"},
 {"description":
  "EWC (European Waste Classification) codes and descriptions. Also a mapping to SEPA's materials classification.",
  "supplier":"Publications Office of the EU",
  "created-when":2000,
  "creator":"European Commission of the EU",
  "name":"ewc-code",
  "licence":"CC BY 4.0",
  "notes":"Published as a web page.",
  "count":973,
  "licence-url":"https:\/\/creativecommons.org\/licenses\/by\/4.0\/",
  "supply-url":
  "https:\/\/eur-lex.europa.eu\/legal-content\/EN\/TXT\/HTML\/?uri=CELEX:02000D0532-20150601&from=EN#tocId7"},
 {"description":
  "The per-accounting-period per-furniture-category counts of items sold.",
  "supplier":"Alloa Community Enterprises",
  "created-when":2021,
  "creator":"Alloa Community Enterprises",
  "name":"ace-furniture-count",
  "licence":"CC BY 4.0",
  "notes":"Supplied as an Excel spreadsheet.",
  "count":175,
  "licence-url":"https:\/\/creativecommons.org\/licenses\/by\/4.0\/",
  "supply-url":"file:\/\/\/"},
 {"description":
  "The locations, services, capacities and per-year I\/O of waste sites.",
  "supplier":"SEPA",
  "created-when":2020,
  "creator":"SEPA",
  "name":"waste-site-io",
  "licence":"OGL v2.0",
  "notes":
  "Published through a web-based data tool, the data can be downloaded as a CSV file.",
  "count":1254,
  "licence-url":
  "http:\/\/www.nationalarchives.gov.uk\/doc\/open-government-licence\/version\/2\/",
  "supply-url":
  "https:\/\/www.sepa.org.uk\/data-visualisation\/waste-sites-and-capacity-tool"},
 {"description":
  "A per-furniture-category mapping to a Scottish Carbon Metric material.",
  "supplier":"DCS",
  "created-when":2021,
  "creator":"DCS",
  "name":"ace-furniture-to-scottishCarbonMetric",
  "licence":"CC BY 4.0",
  "notes":"A reasoned mapping.",
  "count":164,
  "licence-url":"https:\/\/creativecommons.org\/licenses\/by\/4.0\/",
  "supply-url":"file:\/\/\/"},
 {"description":"SEPA's waste materials classification.",
  "supplier":"SEPA",
  "created-when":2020,
  "creator":"SEPA",
  "name":"sepa-material",
  "licence":"OGL v2.0",
  "notes":
  "Published through a web-based data tool, the data can be downloaded as CSV files.",
  "count":34,
  "licence-url":
  "http:\/\/www.nationalarchives.gov.uk\/doc\/open-government-licence\/version\/2\/",
  "supply-url":
  "https:\/\/www.sepa.org.uk\/data-visualisation\/waste-sites-and-capacity-tool"}]
