[{"region":"North Ayrshire", "year":2011, "count":138090},
 {"region":"Dundee City", "year":2011, "count":147200},
 {"region":"West Dunbartonshire", "year":2011, "count":90610},
 {"region":"East Dunbartonshire", "year":2011, "count":105000},
 {"region":"Clackmannanshire", "year":2011, "count":51500},
 {"region":"Renfrewshire", "year":2011, "count":174700},
 {"region":"Aberdeenshire", "year":2011, "count":253650},
 {"region":"Outer Hebrides", "year":2011, "count":27690},
 {"region":"Moray", "year":2011, "count":93470},
 {"region":"Argyll and Bute", "year":2011, "count":88930},
 {"region":"South Lanarkshire", "year":2011, "count":313900},
 {"region":"Angus", "year":2011, "count":116200},
 {"region":"City of Edinburgh", "year":2011, "count":477940},
 {"region":"Orkney Islands", "year":2011, "count":21420},
 {"region":"Scottish Borders", "year":2011, "count":113880},
 {"region":"Highland", "year":2011, "count":232730},
 {"region":"South Ayrshire", "year":2011, "count":112980},
 {"region":"Inverclyde", "year":2011, "count":81220},
 {"region":"East Lothian", "year":2011, "count":99920},
 {"region":"Stirling", "year":2011, "count":90330},
 {"region":"North Lanarkshire", "year":2011, "count":337720},
 {"region":"Glasgow City", "year":2011, "count":593060},
 {"region":"Perth and Kinross", "year":2011, "count":146850},
 {"region":"Fife", "year":2011, "count":365300},
 {"region":"East Ayrshire", "year":2011, "count":122690},
 {"region":"Aberdeen City", "year":2011, "count":222460},
 {"region":"West Lothian", "year":2011, "count":175300},
 {"region":"East Renfrewshire", "year":2011, "count":90810},
 {"region":"Midlothian", "year":2011, "count":83450},
 {"region":"Falkirk", "year":2011, "count":156250},
 {"region":"Dumfries and Galloway", "year":2011, "count":151410},
 {"region":"Shetland Islands", "year":2011, "count":23240},
 {"region":"Clackmannanshire", "year":2012, "count":51280},
 {"region":"Midlothian", "year":2012, "count":84240},
 {"region":"Shetland Islands", "year":2012, "count":23210},
 {"region":"Outer Hebrides", "year":2012, "count":27560},
 {"region":"South Ayrshire", "year":2012, "count":112920},
 {"region":"Scottish Borders", "year":2012, "count":113720},
 {"region":"Moray", "year":2012, "count":92930},
 {"region":"City of Edinburgh", "year":2012, "count":482630},
 {"region":"Renfrewshire", "year":2012, "count":174300},
 {"region":"Aberdeenshire", "year":2012, "count":255560},
 {"region":"Angus", "year":2012, "count":116220},
 {"region":"East Ayrshire", "year":2012, "count":122730},
 {"region":"East Renfrewshire", "year":2012, "count":91040},
 {"region":"Argyll and Bute", "year":2012, "count":86910},
 {"region":"North Ayrshire", "year":2012, "count":137570},
 {"region":"Falkirk", "year":2012, "count":156800},
 {"region":"Perth and Kinross", "year":2012, "count":147740},
 {"region":"Dumfries and Galloway", "year":2012, "count":150840},
 {"region":"Fife", "year":2012, "count":366210},
 {"region":"Inverclyde", "year":2012, "count":80690},
 {"region":"Glasgow City", "year":2012, "count":595070},
 {"region":"Stirling", "year":2012, "count":91010},
 {"region":"North Lanarkshire", "year":2012, "count":337890},
 {"region":"South Lanarkshire", "year":2012, "count":314330},
 {"region":"East Lothian", "year":2012, "count":100860},
 {"region":"Highland", "year":2012, "count":232890},
 {"region":"Dundee City", "year":2012, "count":147780},
 {"region":"West Lothian", "year":2012, "count":176010},
 {"region":"Orkney Islands", "year":2012, "count":21530},
 {"region":"Aberdeen City", "year":2012, "count":224910},
 {"region":"East Dunbartonshire", "year":2012, "count":105880},
 {"region":"West Dunbartonshire", "year":2012, "count":90340},
 {"region":"Aberdeen City", "year":2013, "count":227070},
 {"region":"Midlothian", "year":2013, "count":84710},
 {"region":"Dundee City", "year":2013, "count":148100},
 {"region":"City of Edinburgh", "year":2013, "count":487460},
 {"region":"Angus", "year":2013, "count":116290},
 {"region":"Outer Hebrides", "year":2013, "count":27400},
 {"region":"East Renfrewshire", "year":2013, "count":91530},
 {"region":"Stirling", "year":2013, "count":91230},
 {"region":"Falkirk", "year":2013, "count":157160},
 {"region":"Perth and Kinross", "year":2013, "count":147770},
 {"region":"Fife", "year":2013, "count":366900},
 {"region":"Glasgow City", "year":2013, "count":596520},
 {"region":"North Lanarkshire", "year":2013, "count":337780},
 {"region":"South Ayrshire", "year":2013, "count":112870},
 {"region":"North Ayrshire", "year":2013, "count":136940},
 {"region":"Renfrewshire", "year":2013, "count":173890},
 {"region":"East Dunbartonshire", "year":2013, "count":105840},
 {"region":"Moray", "year":2013, "count":94360},
 {"region":"Highland", "year":2013, "count":232930},
 {"region":"East Lothian", "year":2013, "count":101390},
 {"region":"Argyll and Bute", "year":2013, "count":88050},
 {"region":"Orkney Islands", "year":2013, "count":21560},
 {"region":"Dumfries and Galloway", "year":2013, "count":150280},
 {"region":"Clackmannanshire", "year":2013, "count":51280},
 {"region":"West Lothian", "year":2013, "count":176160},
 {"region":"Aberdeenshire", "year":2013, "count":257770},
 {"region":"South Lanarkshire", "year":2013, "count":314810},
 {"region":"Inverclyde", "year":2013, "count":80340},
 {"region":"Scottish Borders", "year":2013, "count":113880},
 {"region":"West Dunbartonshire", "year":2013, "count":89800},
 {"region":"Shetland Islands", "year":2013, "count":23200},
 {"region":"East Ayrshire", "year":2013, "count":122430},
 {"region":"East Ayrshire", "year":2014, "count":122130},
 {"region":"Argyll and Bute", "year":2014, "count":87650},
 {"region":"Scottish Borders", "year":2014, "count":114040},
 {"region":"East Dunbartonshire", "year":2014, "count":106710},
 {"region":"City of Edinburgh", "year":2014, "count":492610},
 {"region":"Stirling", "year":2014, "count":91520},
 {"region":"Moray", "year":2014, "count":94770},
 {"region":"Highland", "year":2014, "count":233080},
 {"region":"East Renfrewshire", "year":2014, "count":92410},
 {"region":"North Ayrshire", "year":2014, "count":136480},
 {"region":"Aberdeen City", "year":2014, "count":228920},
 {"region":"Outer Hebrides", "year":2014, "count":27250},
 {"region":"Shetland Islands", "year":2014, "count":23220},
 {"region":"South Ayrshire", "year":2014, "count":112530},
 {"region":"Angus", "year":2014, "count":116740},
 {"region":"Clackmannanshire", "year":2014, "count":51190},
 {"region":"East Lothian", "year":2014, "count":102090},
 {"region":"Midlothian", "year":2014, "count":86220},
 {"region":"Falkirk", "year":2014, "count":157690},
 {"region":"Aberdeenshire", "year":2014, "count":260530},
 {"region":"Perth and Kinross", "year":2014, "count":148930},
 {"region":"Fife", "year":2014, "count":367250},
 {"region":"Glasgow City", "year":2014, "count":599640},
 {"region":"North Lanarkshire", "year":2014, "count":338000},
 {"region":"Renfrewshire", "year":2014, "count":174230},
 {"region":"West Lothian", "year":2014, "count":177200},
 {"region":"Inverclyde", "year":2014, "count":79890},
 {"region":"South Lanarkshire", "year":2014, "count":315300},
 {"region":"Dundee City", "year":2014, "count":148130},
 {"region":"Orkney Islands", "year":2014, "count":21580},
 {"region":"West Dunbartonshire", "year":2014, "count":89710},
 {"region":"Dumfries and Galloway", "year":2014, "count":149960},
 {"region":"East Lothian", "year":2015, "count":103050},
 {"region":"Dundee City", "year":2015, "count":148210},
 {"region":"Moray", "year":2015, "count":95510},
 {"region":"West Dunbartonshire", "year":2015, "count":89590},
 {"region":"City of Edinburgh", "year":2015, "count":498810},
 {"region":"West Lothian", "year":2015, "count":178550},
 {"region":"Clackmannanshire", "year":2015, "count":51360},
 {"region":"Orkney Islands", "year":2015, "count":21670},
 {"region":"Glasgow City", "year":2015, "count":606340},
 {"region":"Highland", "year":2015, "count":234110},
 {"region":"East Renfrewshire", "year":2015, "count":92940},
 {"region":"Dumfries and Galloway", "year":2015, "count":149670},
 {"region":"South Ayrshire", "year":2015, "count":112400},
 {"region":"East Ayrshire", "year":2015, "count":122060},
 {"region":"North Lanarkshire", "year":2015, "count":338260},
 {"region":"Outer Hebrides", "year":2015, "count":27070},
 {"region":"Argyll and Bute", "year":2015, "count":86890},
 {"region":"Scottish Borders", "year":2015, "count":114030},
 {"region":"Stirling", "year":2015, "count":92830},
 {"region":"Perth and Kinross", "year":2015, "count":149930},
 {"region":"Fife", "year":2015, "count":368080},
 {"region":"North Ayrshire", "year":2015, "count":136130},
 {"region":"Midlothian", "year":2015, "count":87390},
 {"region":"Falkirk", "year":2015, "count":158460},
 {"region":"Aberdeen City", "year":2015, "count":230350},
 {"region":"Inverclyde", "year":2015, "count":79500},
 {"region":"Shetland Islands", "year":2015, "count":23200},
 {"region":"Aberdeenshire", "year":2015, "count":261960},
 {"region":"Angus", "year":2015, "count":116900},
 {"region":"South Lanarkshire", "year":2015, "count":316230},
 {"region":"East Dunbartonshire", "year":2015, "count":106960},
 {"region":"Renfrewshire", "year":2015, "count":174560},
 {"region":"East Dunbartonshire", "year":2016, "count":107540},
 {"region":"Perth and Kinross", "year":2016, "count":150680},
 {"region":"Fife", "year":2016, "count":370330},
 {"region":"West Lothian", "year":2016, "count":180130},
 {"region":"West Dunbartonshire", "year":2016, "count":89860},
 {"region":"Dundee City", "year":2016, "count":148270},
 {"region":"Angus", "year":2016, "count":116520},
 {"region":"East Ayrshire", "year":2016, "count":122200},
 {"region":"East Lothian", "year":2016, "count":104090},
 {"region":"Clackmannanshire", "year":2016, "count":51350},
 {"region":"Dumfries and Galloway", "year":2016, "count":149520},
 {"region":"Falkirk", "year":2016, "count":159380},
 {"region":"Highland", "year":2016, "count":234770},
 {"region":"East Renfrewshire", "year":2016, "count":93810},
 {"region":"Outer Hebrides", "year":2016, "count":26900},
 {"region":"Scottish Borders", "year":2016, "count":114530},
 {"region":"Orkney Islands", "year":2016, "count":21850},
 {"region":"South Ayrshire", "year":2016, "count":112470},
 {"region":"Shetland Islands", "year":2016, "count":23200},
 {"region":"Midlothian", "year":2016, "count":88610},
 {"region":"Inverclyde", "year":2016, "count":79160},
 {"region":"North Ayrshire", "year":2016, "count":135890},
 {"region":"Moray", "year":2016, "count":96070},
 {"region":"Argyll and Bute", "year":2016, "count":87130},
 {"region":"Aberdeenshire", "year":2016, "count":262190},
 {"region":"Renfrewshire", "year":2016, "count":175930},
 {"region":"City of Edinburgh", "year":2016, "count":507170},
 {"region":"Stirling", "year":2016, "count":93750},
 {"region":"South Lanarkshire", "year":2016, "count":317100},
 {"region":"Aberdeen City", "year":2016, "count":229840},
 {"region":"Glasgow City", "year":2016, "count":615070},
 {"region":"North Lanarkshire", "year":2016, "count":339390},
 {"region":"Renfrewshire", "year":2017, "count":176830},
 {"region":"Scottish Borders", "year":2017, "count":115020},
 {"region":"Orkney Islands", "year":2017, "count":22000},
 {"region":"South Ayrshire", "year":2017, "count":112680},
 {"region":"Shetland Islands", "year":2017, "count":23080},
 {"region":"Moray", "year":2017, "count":95780},
 {"region":"Midlothian", "year":2017, "count":90090},
 {"region":"North Ayrshire", "year":2017, "count":135790},
 {"region":"Outer Hebrides", "year":2017, "count":26950},
 {"region":"Perth and Kinross", "year":2017, "count":151100},
 {"region":"Fife", "year":2017, "count":371410},
 {"region":"Glasgow City", "year":2017, "count":621020},
 {"region":"North Lanarkshire", "year":2017, "count":339960},
 {"region":"Stirling", "year":2017, "count":94000},
 {"region":"South Lanarkshire", "year":2017, "count":318170},
 {"region":"West Lothian", "year":2017, "count":181310},
 {"region":"West Dunbartonshire", "year":2017, "count":89610},
 {"region":"City of Edinburgh", "year":2017, "count":513210},
 {"region":"Argyll and Bute", "year":2017, "count":86810},
 {"region":"Dumfries and Galloway", "year":2017, "count":149200},
 {"region":"Clackmannanshire", "year":2017, "count":51450},
 {"region":"Aberdeen City", "year":2017, "count":228800},
 {"region":"Angus", "year":2017, "count":116280},
 {"region":"Aberdeenshire", "year":2017, "count":261800},
 {"region":"Falkirk", "year":2017, "count":160130},
 {"region":"East Renfrewshire", "year":2017, "count":94760},
 {"region":"Inverclyde", "year":2017, "count":78760},
 {"region":"Highland", "year":2017, "count":235180},
 {"region":"East Ayrshire", "year":2017, "count":121940},
 {"region":"Dundee City", "year":2017, "count":148710},
 {"region":"East Lothian", "year":2017, "count":104840},
 {"region":"East Dunbartonshire", "year":2017, "count":108130},
 {"region":"City of Edinburgh", "year":2018, "count":518500},
 {"region":"Renfrewshire", "year":2018, "count":177790},
 {"region":"Argyll and Bute", "year":2018, "count":86260},
 {"region":"West Lothian", "year":2018, "count":182140},
 {"region":"West Dunbartonshire", "year":2018, "count":89130},
 {"region":"Stirling", "year":2018, "count":94330},
 {"region":"South Lanarkshire", "year":2018, "count":319020},
 {"region":"Aberdeenshire", "year":2018, "count":261470},
 {"region":"Aberdeen City", "year":2018, "count":227560},
 {"region":"Glasgow City", "year":2018, "count":626410},
 {"region":"Perth and Kinross", "year":2018, "count":151290},
 {"region":"North Lanarkshire", "year":2018, "count":340180},
 {"region":"Dundee City", "year":2018, "count":148750},
 {"region":"Angus", "year":2018, "count":116040},
 {"region":"Fife", "year":2018, "count":371910},
 {"region":"East Dunbartonshire", "year":2018, "count":108330},
 {"region":"Outer Hebrides", "year":2018, "count":26830},
 {"region":"East Renfrewshire", "year":2018, "count":95170},
 {"region":"Highland", "year":2018, "count":235540},
 {"region":"Falkirk", "year":2018, "count":160340},
 {"region":"Dumfries and Galloway", "year":2018, "count":148790},
 {"region":"Clackmannanshire", "year":2018, "count":51400},
 {"region":"East Lothian", "year":2018, "count":105790},
 {"region":"East Ayrshire", "year":2018, "count":121840},
 {"region":"Scottish Borders", "year":2018, "count":115270},
 {"region":"Orkney Islands", "year":2018, "count":22190},
 {"region":"South Ayrshire", "year":2018, "count":112550},
 {"region":"Shetland Islands", "year":2018, "count":22990},
 {"region":"Midlothian", "year":2018, "count":91340},
 {"region":"Inverclyde", "year":2018, "count":78150},
 {"region":"North Ayrshire", "year":2018, "count":135280},
 {"region":"Moray", "year":2018, "count":95520},
 {"region":"North Ayrshire", "year":2019, "count":134740},
 {"region":"North Lanarkshire", "year":2019, "count":341370},
 {"region":"Outer Hebrides", "year":2019, "count":26720},
 {"region":"Perth and Kinross", "year":2019, "count":151950},
 {"region":"Orkney Islands", "year":2019, "count":22270},
 {"region":"Inverclyde", "year":2019, "count":77800},
 {"region":"Highland", "year":2019, "count":235830},
 {"region":"Moray", "year":2019, "count":95820},
 {"region":"Midlothian", "year":2019, "count":92460},
 {"region":"Stirling", "year":2019, "count":94210},
 {"region":"South Lanarkshire", "year":2019, "count":320530},
 {"region":"West Lothian", "year":2019, "count":183100},
 {"region":"West Dunbartonshire", "year":2019, "count":88930},
 {"region":"Scottish Borders", "year":2019, "count":115510},
 {"region":"Renfrewshire", "year":2019, "count":179100},
 {"region":"South Ayrshire", "year":2019, "count":112610},
 {"region":"Shetland Islands", "year":2019, "count":22920},
 {"region":"City of Edinburgh", "year":2019, "count":524930},
 {"region":"Argyll and Bute", "year":2019, "count":85870},
 {"region":"Dumfries and Galloway", "year":2019, "count":148860},
 {"region":"Clackmannanshire", "year":2019, "count":51540},
 {"region":"Aberdeen City", "year":2019, "count":228670},
 {"region":"Angus", "year":2019, "count":116200},
 {"region":"Aberdeenshire", "year":2019, "count":261210},
 {"region":"Falkirk", "year":2019, "count":160890},
 {"region":"East Renfrewshire", "year":2019, "count":95530},
 {"region":"Glasgow City", "year":2019, "count":633120},
 {"region":"Fife", "year":2019, "count":373550},
 {"region":"East Ayrshire", "year":2019, "count":122010},
 {"region":"Dundee City", "year":2019, "count":149320},
 {"region":"East Lothian", "year":2019, "count":107090},
 {"region":"East Dunbartonshire", "year":2019, "count":108640}]
