[{"region":"Falkirk", "code":null, "qid":null},
 {"region":"South Ayrshire", "code":null, "qid":null},
 {"region":"Aberdeenshire", "code":null, "qid":null},
 {"region":"Aberdeen City", "code":"S12000033", "qid":"Q62274582"},
 {"region":"Renfrewshire", "code":null, "qid":null},
 {"region":"Glasgow City", "code":null, "qid":null},
 {"region":"Orkney Islands", "code":null, "qid":null},
 {"region":"East Renfrewshire", "code":null, "qid":null},
 {"region":"City of Edinburgh", "code":"S12000036", "qid":"Q2379199"},
 {"region":"Fife", "code":"S12000047", "qid":"Q201149"},
 {"region":"East Dunbartonshire", "code":null, "qid":null},
 {"region":"North Ayrshire", "code":null, "qid":null},
 {"region":"Offshore", "code":null, "qid":null},
 {"region":"North Lanarkshire", "code":null, "qid":null},
 {"region":"East Lothian", "code":null, "qid":null},
 {"region":"Unknown", "code":null, "qid":null},
 {"region":"Argyll and Bute", "code":null, "qid":null},
 {"region":"Angus", "code":null, "qid":null},
 {"region":"Dumfries and Galloway", "code":null, "qid":null},
 {"region":"Shetland Islands", "code":null, "qid":null},
 {"region":"Stirling", "code":"S12000030", "qid":"Q217838"},
 {"region":"South Lanarkshire", "code":null, "qid":null},
 {"region":"Dundee City", "code":"S12000042", "qid":"Q2357511"},
 {"region":"Perth and Kinross", "code":null, "qid":null},
 {"region":"East Ayrshire", "code":null, "qid":null},
 {"region":"Inverclyde", "code":null, "qid":null},
 {"region":"Highland", "code":null, "qid":null},
 {"region":"Midlothian", "code":null, "qid":null},
 {"region":"Scottish Borders", "code":null, "qid":null},
 {"region":"West Dunbartonshire", "code":null, "qid":null},
 {"region":"Clackmannanshire", "code":null, "qid":null},
 {"region":"Moray", "code":null, "qid":null},
 {"region":"West Lothian", "code":null, "qid":null},
 {"region":"Outer Hebrides", "code":"S12000013", "qid":"Q80967"}]
