[{"yyyy-MM-dd":"2020-04-01", "day":"Wed", "count":92},
 {"yyyy-MM-dd":"2020-04-02", "day":"Thu", "count":61},
 {"yyyy-MM-dd":"2020-04-03", "day":"Fri", "count":66},
 {"yyyy-MM-dd":"2020-04-05", "day":"Sun", "count":99},
 {"yyyy-MM-dd":"2020-04-06", "day":"Mon", "count":106},
 {"yyyy-MM-dd":"2020-04-07", "day":"Tue", "count":83},
 {"yyyy-MM-dd":"2020-04-08", "day":"Wed", "count":82},
 {"yyyy-MM-dd":"2020-04-09", "day":"Thu", "count":55},
 {"yyyy-MM-dd":"2020-04-10", "day":"Fri", "count":61},
 {"yyyy-MM-dd":"2020-04-11", "day":"Sat", "count":62},
 {"yyyy-MM-dd":"2020-04-12", "day":"Sun", "count":64},
 {"yyyy-MM-dd":"2020-04-13", "day":"Mon", "count":56},
 {"yyyy-MM-dd":"2020-04-14", "day":"Tue", "count":77},
 {"yyyy-MM-dd":"2020-04-15", "day":"Wed", "count":98},
 {"yyyy-MM-dd":"2020-04-16", "day":"Thu", "count":73},
 {"yyyy-MM-dd":"2020-04-17", "day":"Fri", "count":74},
 {"yyyy-MM-dd":"2020-04-18", "day":"Sat", "count":63},
 {"yyyy-MM-dd":"2020-04-19", "day":"Sun", "count":82},
 {"yyyy-MM-dd":"2020-04-20", "day":"Mon", "count":70},
 {"yyyy-MM-dd":"2020-04-21", "day":"Tue", "count":70},
 {"yyyy-MM-dd":"2020-04-22", "day":"Wed", "count":86},
 {"yyyy-MM-dd":"2020-04-23", "day":"Thu", "count":98},
 {"yyyy-MM-dd":"2020-04-24", "day":"Fri", "count":60},
 {"yyyy-MM-dd":"2020-04-25", "day":"Sat", "count":59},
 {"yyyy-MM-dd":"2020-04-26", "day":"Sun", "count":56},
 {"yyyy-MM-dd":"2020-04-27", "day":"Mon", "count":60},
 {"yyyy-MM-dd":"2020-04-28", "day":"Tue", "count":60},
 {"yyyy-MM-dd":"2020-04-29", "day":"Wed", "count":37},
 {"yyyy-MM-dd":"2020-04-30", "day":"Thu", "count":70},
 {"yyyy-MM-dd":"2020-05-01", "day":"Fri", "count":70},
 {"yyyy-MM-dd":"2020-05-02", "day":"Sat", "count":50},
 {"yyyy-MM-dd":"2020-05-03", "day":"Sun", "count":53},
 {"yyyy-MM-dd":"2020-05-04", "day":"Mon", "count":95},
 {"yyyy-MM-dd":"2020-05-05", "day":"Tue", "count":89},
 {"yyyy-MM-dd":"2020-05-06", "day":"Wed", "count":55},
 {"yyyy-MM-dd":"2020-05-07", "day":"Thu", "count":51},
 {"yyyy-MM-dd":"2020-05-08", "day":"Fri", "count":55},
 {"yyyy-MM-dd":"2020-05-10", "day":"Sun", "count":48},
 {"yyyy-MM-dd":"2020-05-11", "day":"Mon", "count":44},
 {"yyyy-MM-dd":"2020-05-12", "day":"Tue", "count":43},
 {"yyyy-MM-dd":"2020-05-13", "day":"Wed", "count":48},
 {"yyyy-MM-dd":"2020-05-14", "day":"Thu", "count":34},
 {"yyyy-MM-dd":"2020-05-15", "day":"Fri", "count":51},
 {"yyyy-MM-dd":"2020-05-16", "day":"Sat", "count":51},
 {"yyyy-MM-dd":"2020-05-17", "day":"Sun", "count":44},
 {"yyyy-MM-dd":"2020-05-18", "day":"Mon", "count":47},
 {"yyyy-MM-dd":"2020-05-19", "day":"Tue", "count":55},
 {"yyyy-MM-dd":"2020-05-20", "day":"Wed", "count":45},
 {"yyyy-MM-dd":"2020-05-21", "day":"Thu", "count":44},
 {"yyyy-MM-dd":"2020-05-22", "day":"Fri", "count":56},
 {"yyyy-MM-dd":"2020-05-23", "day":"Sat", "count":50},
 {"yyyy-MM-dd":"2020-05-24", "day":"Sun", "count":34},
 {"yyyy-MM-dd":"2020-05-25", "day":"Mon", "count":41},
 {"yyyy-MM-dd":"2020-05-26", "day":"Tue", "count":50},
 {"yyyy-MM-dd":"2020-05-27", "day":"Wed", "count":49},
 {"yyyy-MM-dd":"2020-05-28", "day":"Thu", "count":37},
 {"yyyy-MM-dd":"2020-05-29", "day":"Fri", "count":57},
 {"yyyy-MM-dd":"2020-05-30", "day":"Sat", "count":48},
 {"yyyy-MM-dd":"2020-05-31", "day":"Sun", "count":36},
 {"yyyy-MM-dd":"2020-06-01", "day":"Mon", "count":42},
 {"yyyy-MM-dd":"2020-06-02", "day":"Tue", "count":62},
 {"yyyy-MM-dd":"2020-06-03", "day":"Wed", "count":62},
 {"yyyy-MM-dd":"2020-06-04", "day":"Thu", "count":72},
 {"yyyy-MM-dd":"2020-06-05", "day":"Fri", "count":41},
 {"yyyy-MM-dd":"2020-06-06", "day":"Sat", "count":72},
 {"yyyy-MM-dd":"2020-06-07", "day":"Sun", "count":47},
 {"yyyy-MM-dd":"2020-06-08", "day":"Mon", "count":67},
 {"yyyy-MM-dd":"2020-06-09", "day":"Tue", "count":48},
 {"yyyy-MM-dd":"2020-06-10", "day":"Wed", "count":94},
 {"yyyy-MM-dd":"2020-06-11", "day":"Thu", "count":54},
 {"yyyy-MM-dd":"2020-06-12", "day":"Fri", "count":50},
 {"yyyy-MM-dd":"2020-06-13", "day":"Sat", "count":67},
 {"yyyy-MM-dd":"2020-06-14", "day":"Sun", "count":67},
 {"yyyy-MM-dd":"2020-06-15", "day":"Mon", "count":80},
 {"yyyy-MM-dd":"2020-06-16", "day":"Tue", "count":71},
 {"yyyy-MM-dd":"2020-06-17", "day":"Wed", "count":62},
 {"yyyy-MM-dd":"2020-06-18", "day":"Thu", "count":60},
 {"yyyy-MM-dd":"2020-06-19", "day":"Fri", "count":42},
 {"yyyy-MM-dd":"2020-06-20", "day":"Sat", "count":42},
 {"yyyy-MM-dd":"2020-06-21", "day":"Sun", "count":30},
 {"yyyy-MM-dd":"2020-06-22", "day":"Mon", "count":48},
 {"yyyy-MM-dd":"2020-06-23", "day":"Tue", "count":54},
 {"yyyy-MM-dd":"2020-06-24", "day":"Wed", "count":65},
 {"yyyy-MM-dd":"2020-06-25", "day":"Thu", "count":50},
 {"yyyy-MM-dd":"2020-06-26", "day":"Fri", "count":42},
 {"yyyy-MM-dd":"2020-06-27", "day":"Sat", "count":37},
 {"yyyy-MM-dd":"2020-06-28", "day":"Sun", "count":35},
 {"yyyy-MM-dd":"2020-06-29", "day":"Mon", "count":54},
 {"yyyy-MM-dd":"2020-06-30", "day":"Tue", "count":57},
 {"yyyy-MM-dd":"2020-07-06", "day":"Mon", "count":34},
 {"yyyy-MM-dd":"2020-07-07", "day":"Tue", "count":27},
 {"yyyy-MM-dd":"2020-07-08", "day":"Wed", "count":23},
 {"yyyy-MM-dd":"2020-07-09", "day":"Thu", "count":35},
 {"yyyy-MM-dd":"2020-07-10", "day":"Fri", "count":31},
 {"yyyy-MM-dd":"2020-07-11", "day":"Sat", "count":33},
 {"yyyy-MM-dd":"2020-07-12", "day":"Sun", "count":29},
 {"yyyy-MM-dd":"2020-07-13", "day":"Mon", "count":42},
 {"yyyy-MM-dd":"2020-07-14", "day":"Tue", "count":25},
 {"yyyy-MM-dd":"2020-07-15", "day":"Wed", "count":19},
 {"yyyy-MM-dd":"2020-07-16", "day":"Thu", "count":48},
 {"yyyy-MM-dd":"2020-07-17", "day":"Fri", "count":31},
 {"yyyy-MM-dd":"2020-07-18", "day":"Sat", "count":34},
 {"yyyy-MM-dd":"2020-07-19", "day":"Sun", "count":25},
 {"yyyy-MM-dd":"2020-07-20", "day":"Mon", "count":32},
 {"yyyy-MM-dd":"2020-07-21", "day":"Tue", "count":33},
 {"yyyy-MM-dd":"2020-07-22", "day":"Wed", "count":26},
 {"yyyy-MM-dd":"2020-07-23", "day":"Thu", "count":28},
 {"yyyy-MM-dd":"2020-07-24", "day":"Fri", "count":31},
 {"yyyy-MM-dd":"2020-07-25", "day":"Sat", "count":33},
 {"yyyy-MM-dd":"2020-07-26", "day":"Sun", "count":32},
 {"yyyy-MM-dd":"2020-07-27", "day":"Mon", "count":32},
 {"yyyy-MM-dd":"2020-07-28", "day":"Tue", "count":27},
 {"yyyy-MM-dd":"2020-07-29", "day":"Wed", "count":36},
 {"yyyy-MM-dd":"2020-07-30", "day":"Thu", "count":28},
 {"yyyy-MM-dd":"2020-07-31", "day":"Fri", "count":79},
 {"yyyy-MM-dd":"2020-08-01", "day":"Sat", "count":61},
 {"yyyy-MM-dd":"2020-08-02", "day":"Sun", "count":32},
 {"yyyy-MM-dd":"2020-08-03", "day":"Mon", "count":37},
 {"yyyy-MM-dd":"2020-08-04", "day":"Tue", "count":27},
 {"yyyy-MM-dd":"2020-08-05", "day":"Wed", "count":32},
 {"yyyy-MM-dd":"2020-08-06", "day":"Thu", "count":32},
 {"yyyy-MM-dd":"2020-08-07", "day":"Fri", "count":36},
 {"yyyy-MM-dd":"2020-08-08", "day":"Sat", "count":37},
 {"yyyy-MM-dd":"2020-08-09", "day":"Sun", "count":29},
 {"yyyy-MM-dd":"2020-08-10", "day":"Mon", "count":31},
 {"yyyy-MM-dd":"2020-08-11", "day":"Tue", "count":26},
 {"yyyy-MM-dd":"2020-08-12", "day":"Wed", "count":28},
 {"yyyy-MM-dd":"2020-08-13", "day":"Thu", "count":36},
 {"yyyy-MM-dd":"2020-08-14", "day":"Fri", "count":37},
 {"yyyy-MM-dd":"2020-08-15", "day":"Sat", "count":37},
 {"yyyy-MM-dd":"2020-08-16", "day":"Sun", "count":32},
 {"yyyy-MM-dd":"2020-08-17", "day":"Mon", "count":37},
 {"yyyy-MM-dd":"2020-08-18", "day":"Tue", "count":33},
 {"yyyy-MM-dd":"2020-08-19", "day":"Wed", "count":26},
 {"yyyy-MM-dd":"2020-08-20", "day":"Thu", "count":27},
 {"yyyy-MM-dd":"2020-08-21", "day":"Fri", "count":28},
 {"yyyy-MM-dd":"2020-08-22", "day":"Sat", "count":32},
 {"yyyy-MM-dd":"2020-08-23", "day":"Sun", "count":28},
 {"yyyy-MM-dd":"2020-08-24", "day":"Mon", "count":30},
 {"yyyy-MM-dd":"2020-08-25", "day":"Tue", "count":30},
 {"yyyy-MM-dd":"2020-08-26", "day":"Wed", "count":30},
 {"yyyy-MM-dd":"2020-08-27", "day":"Thu", "count":27},
 {"yyyy-MM-dd":"2020-08-28", "day":"Fri", "count":31},
 {"yyyy-MM-dd":"2020-08-29", "day":"Sat", "count":35},
 {"yyyy-MM-dd":"2020-08-30", "day":"Sun", "count":35},
 {"yyyy-MM-dd":"2020-08-31", "day":"Mon", "count":31},
 {"yyyy-MM-dd":"2020-09-01", "day":"Tue", "count":32},
 {"yyyy-MM-dd":"2020-09-02", "day":"Wed", "count":23},
 {"yyyy-MM-dd":"2020-09-03", "day":"Thu", "count":30},
 {"yyyy-MM-dd":"2020-09-04", "day":"Fri", "count":43},
 {"yyyy-MM-dd":"2020-09-05", "day":"Sat", "count":39},
 {"yyyy-MM-dd":"2020-09-06", "day":"Sun", "count":32},
 {"yyyy-MM-dd":"2020-09-07", "day":"Mon", "count":30},
 {"yyyy-MM-dd":"2020-09-08", "day":"Tue", "count":34},
 {"yyyy-MM-dd":"2020-09-09", "day":"Wed", "count":28},
 {"yyyy-MM-dd":"2020-09-10", "day":"Thu", "count":30},
 {"yyyy-MM-dd":"2020-09-11", "day":"Fri", "count":23},
 {"yyyy-MM-dd":"2020-09-12", "day":"Sat", "count":34},
 {"yyyy-MM-dd":"2020-09-13", "day":"Sun", "count":35},
 {"yyyy-MM-dd":"2020-09-14", "day":"Mon", "count":24},
 {"yyyy-MM-dd":"2020-09-22", "day":"Tue", "count":30},
 {"yyyy-MM-dd":"2020-09-23", "day":"Wed", "count":27},
 {"yyyy-MM-dd":"2020-09-24", "day":"Thu", "count":43},
 {"yyyy-MM-dd":"2020-09-25", "day":"Fri", "count":37},
 {"yyyy-MM-dd":"2020-09-26", "day":"Sat", "count":41},
 {"yyyy-MM-dd":"2020-09-27", "day":"Sun", "count":29},
 {"yyyy-MM-dd":"2020-09-28", "day":"Mon", "count":38},
 {"yyyy-MM-dd":"2020-09-29", "day":"Tue", "count":36},
 {"yyyy-MM-dd":"2020-09-30", "day":"Wed", "count":35},
 {"yyyy-MM-dd":"2020-10-01", "day":"Thu", "count":44},
 {"yyyy-MM-dd":"2020-10-02", "day":"Fri", "count":34},
 {"yyyy-MM-dd":"2020-10-03", "day":"Sat", "count":45},
 {"yyyy-MM-dd":"2020-10-04", "day":"Sun", "count":37},
 {"yyyy-MM-dd":"2020-10-05", "day":"Mon", "count":40},
 {"yyyy-MM-dd":"2020-10-06", "day":"Tue", "count":43},
 {"yyyy-MM-dd":"2020-10-07", "day":"Wed", "count":33},
 {"yyyy-MM-dd":"2020-10-08", "day":"Thu", "count":43},
 {"yyyy-MM-dd":"2020-10-09", "day":"Fri", "count":45},
 {"yyyy-MM-dd":"2020-10-10", "day":"Sat", "count":46},
 {"yyyy-MM-dd":"2020-10-11", "day":"Sun", "count":37},
 {"yyyy-MM-dd":"2020-10-12", "day":"Mon", "count":38},
 {"yyyy-MM-dd":"2020-10-13", "day":"Tue", "count":41},
 {"yyyy-MM-dd":"2020-10-14", "day":"Wed", "count":39},
 {"yyyy-MM-dd":"2020-10-15", "day":"Thu", "count":45},
 {"yyyy-MM-dd":"2020-10-16", "day":"Fri", "count":41},
 {"yyyy-MM-dd":"2020-10-17", "day":"Sat", "count":43},
 {"yyyy-MM-dd":"2020-10-18", "day":"Sun", "count":47},
 {"yyyy-MM-dd":"2020-10-19", "day":"Mon", "count":34},
 {"yyyy-MM-dd":"2020-10-20", "day":"Tue", "count":36},
 {"yyyy-MM-dd":"2020-10-21", "day":"Wed", "count":34},
 {"yyyy-MM-dd":"2020-10-22", "day":"Thu", "count":52},
 {"yyyy-MM-dd":"2020-10-23", "day":"Fri", "count":40},
 {"yyyy-MM-dd":"2020-10-24", "day":"Sat", "count":46},
 {"yyyy-MM-dd":"2020-10-25", "day":"Sun", "count":37},
 {"yyyy-MM-dd":"2020-10-26", "day":"Mon", "count":42},
 {"yyyy-MM-dd":"2020-10-27", "day":"Tue", "count":50},
 {"yyyy-MM-dd":"2020-10-28", "day":"Wed", "count":50},
 {"yyyy-MM-dd":"2020-10-29", "day":"Thu", "count":40},
 {"yyyy-MM-dd":"2020-11-01", "day":"Sun", "count":40},
 {"yyyy-MM-dd":"2020-11-02", "day":"Mon", "count":37},
 {"yyyy-MM-dd":"2020-11-03", "day":"Tue", "count":34},
 {"yyyy-MM-dd":"2020-11-04", "day":"Wed", "count":40},
 {"yyyy-MM-dd":"2020-11-05", "day":"Thu", "count":44},
 {"yyyy-MM-dd":"2020-11-06", "day":"Fri", "count":38},
 {"yyyy-MM-dd":"2020-11-07", "day":"Sat", "count":42},
 {"yyyy-MM-dd":"2020-11-08", "day":"Sun", "count":50},
 {"yyyy-MM-dd":"2020-11-09", "day":"Mon", "count":47},
 {"yyyy-MM-dd":"2020-11-10", "day":"Tue", "count":37},
 {"yyyy-MM-dd":"2020-11-11", "day":"Wed", "count":41},
 {"yyyy-MM-dd":"2020-11-12", "day":"Thu", "count":44},
 {"yyyy-MM-dd":"2020-11-13", "day":"Fri", "count":49},
 {"yyyy-MM-dd":"2020-11-14", "day":"Sat", "count":57},
 {"yyyy-MM-dd":"2020-11-15", "day":"Sun", "count":34},
 {"yyyy-MM-dd":"2020-11-16", "day":"Mon", "count":39},
 {"yyyy-MM-dd":"2020-11-17", "day":"Tue", "count":76},
 {"yyyy-MM-dd":"2020-11-18", "day":"Wed", "count":41},
 {"yyyy-MM-dd":"2020-11-19", "day":"Thu", "count":54},
 {"yyyy-MM-dd":"2020-11-20", "day":"Fri", "count":35},
 {"yyyy-MM-dd":"2020-11-21", "day":"Sat", "count":50},
 {"yyyy-MM-dd":"2020-11-22", "day":"Sun", "count":41},
 {"yyyy-MM-dd":"2020-11-23", "day":"Mon", "count":45},
 {"yyyy-MM-dd":"2020-11-24", "day":"Tue", "count":44},
 {"yyyy-MM-dd":"2020-11-25", "day":"Wed", "count":48},
 {"yyyy-MM-dd":"2020-11-26", "day":"Thu", "count":44},
 {"yyyy-MM-dd":"2020-11-27", "day":"Fri", "count":42},
 {"yyyy-MM-dd":"2020-11-28", "day":"Sat", "count":54},
 {"yyyy-MM-dd":"2020-11-29", "day":"Sun", "count":38},
 {"yyyy-MM-dd":"2020-11-30", "day":"Mon", "count":39},
 {"yyyy-MM-dd":"2020-12-01", "day":"Tue", "count":45},
 {"yyyy-MM-dd":"2020-12-02", "day":"Wed", "count":31},
 {"yyyy-MM-dd":"2020-12-03", "day":"Thu", "count":49},
 {"yyyy-MM-dd":"2020-12-04", "day":"Fri", "count":42},
 {"yyyy-MM-dd":"2020-12-05", "day":"Sat", "count":49},
 {"yyyy-MM-dd":"2020-12-06", "day":"Sun", "count":44},
 {"yyyy-MM-dd":"2020-12-07", "day":"Mon", "count":45},
 {"yyyy-MM-dd":"2020-12-08", "day":"Tue", "count":49},
 {"yyyy-MM-dd":"2020-12-09", "day":"Wed", "count":39},
 {"yyyy-MM-dd":"2020-12-10", "day":"Thu", "count":43},
 {"yyyy-MM-dd":"2020-12-11", "day":"Fri", "count":50},
 {"yyyy-MM-dd":"2020-12-12", "day":"Sat", "count":56},
 {"yyyy-MM-dd":"2020-12-13", "day":"Sun", "count":47},
 {"yyyy-MM-dd":"2020-12-14", "day":"Mon", "count":48},
 {"yyyy-MM-dd":"2020-12-16", "day":"Wed", "count":46},
 {"yyyy-MM-dd":"2020-12-17", "day":"Thu", "count":44},
 {"yyyy-MM-dd":"2020-12-18", "day":"Fri", "count":52},
 {"yyyy-MM-dd":"2020-12-19", "day":"Sat", "count":52},
 {"yyyy-MM-dd":"2020-12-20", "day":"Sun", "count":41},
 {"yyyy-MM-dd":"2020-12-21", "day":"Mon", "count":45},
 {"yyyy-MM-dd":"2020-12-22", "day":"Tue", "count":40},
 {"yyyy-MM-dd":"2020-12-23", "day":"Wed", "count":42},
 {"yyyy-MM-dd":"2020-12-24", "day":"Thu", "count":39},
 {"yyyy-MM-dd":"2020-12-25", "day":"Fri", "count":6},
 {"yyyy-MM-dd":"2020-12-26", "day":"Sat", "count":17},
 {"yyyy-MM-dd":"2020-12-27", "day":"Sun", "count":58},
 {"yyyy-MM-dd":"2020-12-28", "day":"Mon", "count":54},
 {"yyyy-MM-dd":"2020-12-29", "day":"Tue", "count":62},
 {"yyyy-MM-dd":"2020-12-30", "day":"Wed", "count":46},
 {"yyyy-MM-dd":"2020-12-31", "day":"Thu", "count":91},
 {"yyyy-MM-dd":"2021-01-01", "day":"Fri", "count":12},
 {"yyyy-MM-dd":"2021-01-02", "day":"Sat", "count":45},
 {"yyyy-MM-dd":"2021-01-03", "day":"Sun", "count":35},
 {"yyyy-MM-dd":"2021-01-04", "day":"Mon", "count":43},
 {"yyyy-MM-dd":"2021-01-05", "day":"Tue", "count":38},
 {"yyyy-MM-dd":"2021-01-06", "day":"Wed", "count":52},
 {"yyyy-MM-dd":"2021-01-07", "day":"Thu", "count":47},
 {"yyyy-MM-dd":"2021-01-08", "day":"Fri", "count":48},
 {"yyyy-MM-dd":"2021-01-09", "day":"Sat", "count":33},
 {"yyyy-MM-dd":"2021-01-10", "day":"Sun", "count":58},
 {"yyyy-MM-dd":"2021-01-11", "day":"Mon", "count":40},
 {"yyyy-MM-dd":"2021-01-12", "day":"Tue", "count":40},
 {"yyyy-MM-dd":"2021-01-13", "day":"Wed", "count":42},
 {"yyyy-MM-dd":"2021-01-14", "day":"Thu", "count":35},
 {"yyyy-MM-dd":"2021-01-15", "day":"Fri", "count":60},
 {"yyyy-MM-dd":"2021-01-16", "day":"Sat", "count":57},
 {"yyyy-MM-dd":"2021-01-17", "day":"Sun", "count":49},
 {"yyyy-MM-dd":"2021-01-18", "day":"Mon", "count":56},
 {"yyyy-MM-dd":"2021-01-19", "day":"Tue", "count":46},
 {"yyyy-MM-dd":"2021-01-20", "day":"Wed", "count":52},
 {"yyyy-MM-dd":"2021-01-21", "day":"Thu", "count":48},
 {"yyyy-MM-dd":"2021-01-22", "day":"Fri", "count":63},
 {"yyyy-MM-dd":"2021-01-23", "day":"Sat", "count":51},
 {"yyyy-MM-dd":"2021-01-24", "day":"Sun", "count":65},
 {"yyyy-MM-dd":"2021-01-25", "day":"Mon", "count":50},
 {"yyyy-MM-dd":"2021-01-26", "day":"Tue", "count":44},
 {"yyyy-MM-dd":"2021-01-27", "day":"Wed", "count":62},
 {"yyyy-MM-dd":"2021-01-28", "day":"Thu", "count":48},
 {"yyyy-MM-dd":"2021-01-29", "day":"Fri", "count":39},
 {"yyyy-MM-dd":"2021-01-30", "day":"Sat", "count":53},
 {"yyyy-MM-dd":"2021-01-31", "day":"Sun", "count":52},
 {"yyyy-MM-dd":"2021-02-01", "day":"Mon", "count":57},
 {"yyyy-MM-dd":"2021-02-02", "day":"Tue", "count":41},
 {"yyyy-MM-dd":"2021-02-03", "day":"Wed", "count":49},
 {"yyyy-MM-dd":"2021-02-04", "day":"Thu", "count":48},
 {"yyyy-MM-dd":"2021-02-05", "day":"Fri", "count":40},
 {"yyyy-MM-dd":"2021-02-06", "day":"Sat", "count":61},
 {"yyyy-MM-dd":"2021-02-07", "day":"Sun", "count":50},
 {"yyyy-MM-dd":"2021-02-08", "day":"Mon", "count":44},
 {"yyyy-MM-dd":"2021-02-09", "day":"Tue", "count":40},
 {"yyyy-MM-dd":"2021-02-10", "day":"Wed", "count":59},
 {"yyyy-MM-dd":"2021-02-11", "day":"Thu", "count":50},
 {"yyyy-MM-dd":"2021-02-12", "day":"Fri", "count":48},
 {"yyyy-MM-dd":"2021-02-13", "day":"Sat", "count":74},
 {"yyyy-MM-dd":"2021-02-14", "day":"Sun", "count":40},
 {"yyyy-MM-dd":"2021-02-16", "day":"Tue", "count":42},
 {"yyyy-MM-dd":"2021-02-17", "day":"Wed", "count":48},
 {"yyyy-MM-dd":"2021-02-18", "day":"Thu", "count":45},
 {"yyyy-MM-dd":"2021-02-19", "day":"Fri", "count":38},
 {"yyyy-MM-dd":"2021-02-20", "day":"Sat", "count":49},
 {"yyyy-MM-dd":"2021-02-21", "day":"Sun", "count":41},
 {"yyyy-MM-dd":"2021-02-22", "day":"Mon", "count":37},
 {"yyyy-MM-dd":"2021-02-23", "day":"Tue", "count":40},
 {"yyyy-MM-dd":"2021-02-24", "day":"Wed", "count":45},
 {"yyyy-MM-dd":"2021-02-25", "day":"Thu", "count":42},
 {"yyyy-MM-dd":"2021-02-26", "day":"Fri", "count":48},
 {"yyyy-MM-dd":"2021-02-27", "day":"Sat", "count":45},
 {"yyyy-MM-dd":"2021-02-28", "day":"Sun", "count":41},
 {"yyyy-MM-dd":"2021-03-01", "day":"Mon", "count":37},
 {"yyyy-MM-dd":"2021-03-02", "day":"Tue", "count":51},
 {"yyyy-MM-dd":"2021-03-03", "day":"Wed", "count":45},
 {"yyyy-MM-dd":"2021-03-04", "day":"Thu", "count":49},
 {"yyyy-MM-dd":"2021-03-05", "day":"Fri", "count":50},
 {"yyyy-MM-dd":"2021-03-06", "day":"Sat", "count":44},
 {"yyyy-MM-dd":"2021-03-07", "day":"Sun", "count":61},
 {"yyyy-MM-dd":"2021-03-08", "day":"Mon", "count":45},
 {"yyyy-MM-dd":"2021-03-09", "day":"Tue", "count":74},
 {"yyyy-MM-dd":"2021-03-10", "day":"Wed", "count":47},
 {"yyyy-MM-dd":"2021-03-11", "day":"Thu", "count":52},
 {"yyyy-MM-dd":"2021-03-12", "day":"Fri", "count":39},
 {"yyyy-MM-dd":"2021-03-13", "day":"Sat", "count":58},
 {"yyyy-MM-dd":"2021-03-14", "day":"Sun", "count":33},
 {"yyyy-MM-dd":"2021-03-15", "day":"Mon", "count":50},
 {"yyyy-MM-dd":"2021-03-16", "day":"Tue", "count":53},
 {"yyyy-MM-dd":"2021-03-17", "day":"Wed", "count":43},
 {"yyyy-MM-dd":"2021-03-18", "day":"Thu", "count":48},
 {"yyyy-MM-dd":"2021-03-19", "day":"Fri", "count":52},
 {"yyyy-MM-dd":"2021-03-20", "day":"Sat", "count":46},
 {"yyyy-MM-dd":"2021-03-21", "day":"Sun", "count":53},
 {"yyyy-MM-dd":"2021-03-22", "day":"Mon", "count":43},
 {"yyyy-MM-dd":"2021-03-24", "day":"Wed", "count":53},
 {"yyyy-MM-dd":"2021-03-25", "day":"Thu", "count":49},
 {"yyyy-MM-dd":"2021-03-26", "day":"Fri", "count":50},
 {"yyyy-MM-dd":"2021-03-27", "day":"Sat", "count":61},
 {"yyyy-MM-dd":"2021-03-28", "day":"Sun", "count":41},
 {"yyyy-MM-dd":"2021-03-29", "day":"Mon", "count":45},
 {"yyyy-MM-dd":"2021-03-30", "day":"Tue", "count":42},
 {"yyyy-MM-dd":"2021-03-31", "day":"Wed", "count":46},
 {"yyyy-MM-dd":"2021-04-01", "day":"Thu", "count":50},
 {"yyyy-MM-dd":"2021-04-02", "day":"Fri", "count":40},
 {"yyyy-MM-dd":"2021-04-03", "day":"Sat", "count":67},
 {"yyyy-MM-dd":"2021-04-04", "day":"Sun", "count":45},
 {"yyyy-MM-dd":"2021-04-05", "day":"Mon", "count":36},
 {"yyyy-MM-dd":"2021-04-06", "day":"Tue", "count":46},
 {"yyyy-MM-dd":"2021-04-07", "day":"Wed", "count":42},
 {"yyyy-MM-dd":"2021-04-08", "day":"Thu", "count":52},
 {"yyyy-MM-dd":"2021-04-09", "day":"Fri", "count":47},
 {"yyyy-MM-dd":"2021-04-10", "day":"Sat", "count":47},
 {"yyyy-MM-dd":"2021-04-11", "day":"Sun", "count":54},
 {"yyyy-MM-dd":"2021-04-12", "day":"Mon", "count":39},
 {"yyyy-MM-dd":"2021-04-13", "day":"Tue", "count":48},
 {"yyyy-MM-dd":"2021-04-14", "day":"Wed", "count":47}]
