ewc-code,ewc-description,material
01,"WASTES RESULTING FROM EXPLORATION, MINING, QUARRYING, AND PHYSICAL AND CHEMICAL TREATMENT OF MINERALS",
01 01,wastes from mineral excavation,
01 01 01,wastes from mineral metalliferous excavation,Other mineral wastes
01 01 02,wastes from mineral non-metalliferous excavation,Other mineral wastes
01 03,wastes from physical and chemical processing of metalliferous minerals,
01 03 04*,acid-generating tailings from processing of sulphide ore,
01 03 05*,other tailings containing hazardous substances,
01 03 06,tailings other than those mentioned in 01 03 04 and 01 03 05,Other mineral wastes
01 03 07*,other wastes containing hazardous substances from physical and chemical processing of metalliferous minerals,Other mineral wastes
01 03 08,dusty and powdery wastes other than those mentioned in 01 03 07,Other mineral wastes
01 03 09,red mud from alumina production other than the wastes mentioned in 01 03 10,
01 03 10*,red mud from alumina production containing hazardous substances other than the wastes mentioned in 01 03 07,
01 03 99,wastes not otherwise specified,Mixed and undifferentiated materials
01 04,wastes from physical and chemical processing of non-metalliferous minerals,
01 04 07*,wastes containing hazardous substances from physical and chemical processing of non-metalliferous minerals,Other mineral wastes
01 04 08,waste gravel and crushed rocks other than those mentioned in 01 04 07,Other mineral wastes
01 04 09,waste sand and clays,Other mineral wastes
01 04 10,dusty and powdery wastes other than those mentioned in 01 04 07,Other mineral wastes
01 04 11,wastes from potash and rock salt processing other than those mentioned in 01 04 07,Other mineral wastes
01 04 12,tailings and other wastes from washing and cleaning of minerals other than those mentioned in 01 04 07 and 01 04 11,Other mineral wastes
01 04 13,wastes from stone cutting and sawing other than those mentioned in 01 04 07,Other mineral wastes
01 04 99,wastes not otherwise specified,Mixed and undifferentiated materials
01 05,drilling muds and other drilling wastes,
01 05 04,freshwater drilling muds and wastes,Other mineral wastes
01 05 05*,oil-containing drilling muds and wastes,Industrial effluent sludges
01 05 06*,drilling muds and other drilling wastes containing hazardous substances,Other mineral wastes
01 05 07,barite-containing drilling muds and wastes other than those mentioned in 01 05 05 and 01 05 06,Other mineral wastes
01 05 08,chloride-containing drilling muds and wastes other than those mentioned in 01 05 05 and 01 05 06,Other mineral wastes
01 05 99,wastes not otherwise specified,Mixed and undifferentiated materials
02,"WASTES FROM AGRICULTURE, HORTICULTURE, AQUACULTURE, FORESTRY, HUNTING AND FISHING, FOOD PREPARATION AND PROCESSING",
02 01,"wastes from agriculture, horticulture, aquaculture, forestry, hunting and fishing",
02 01 01,sludges from washing and cleaning,Vegetal wastes
02 01 02,animal-tissue waste,Animal and mixed food waste
02 01 03,plant-tissue waste,Vegetal wastes
02 01 04,waste plastics (except packaging),Plastic wastes
02 01 06,"animal faeces, urine and manure (including spoiled straw), effluent, collected separately and treated off-site","Animal faeces, urine and manure"
02 01 07,wastes from forestry,Vegetal wastes
02 01 08*,agrochemical waste containing hazardous substances,Chemical wastes
02 01 09,agrochemical waste other than those mentioned in 02 01 08,Chemical wastes
02 01 10,waste metal,"Metallic wastes, mixed ferrous and non-ferrous"
02 01 99,wastes not otherwise specified,Mixed and undifferentiated materials
02 02,"wastes from the preparation and processing of meat, fish and other foods of animal origin",
02 02 01,sludges from washing and cleaning,Animal and mixed food waste
02 02 02,animal-tissue waste,Animal and mixed food waste
02 02 03,materials unsuitable for consumption or processing,Animal and mixed food waste
02 02 04,sludges from on-site effluent treatment,Common sludges
02 02 99,wastes not otherwise specified,Mixed and undifferentiated materials
02 03,"wastes from fruit, vegetables, cereals, edible oils, cocoa, coffee, tea and tobacco preparation and processing; conserve production; yeast and yeast extract production, molasses preparation and fermentation",
02 03 01,"sludges from washing, cleaning, peeling, centrifuging and separation",Vegetal wastes
02 03 02,wastes from preserving agents,Animal and mixed food waste
02 03 03,wastes from solvent extraction,Vegetal wastes
02 03 04,materials unsuitable for consumption or processing,Vegetal wastes
02 03 05,sludges from on-site effluent treatment,Common sludges
02 03 99,wastes not otherwise specified,Mixed and undifferentiated materials
02 04,wastes from sugar processing,
02 04 01,soil from cleaning and washing beet,
02 04 02,off-specification calcium carbonate,
02 04 03,sludges from on-site effluent treatment,
02 04 99,wastes not otherwise specified,
02 05,wastes from the dairy products industry,
02 05 01,materials unsuitable for consumption or processing,Animal and mixed food waste
02 05 02,sludges from on-site effluent treatment,Common sludges
02 05 99,wastes not otherwise specified,Mixed and undifferentiated materials
02 06,wastes from the baking and confectionery industry,
02 06 01,materials unsuitable for consumption or processing,Vegetal wastes
02 06 02,wastes from preserving agents,
02 06 03,sludges from on-site effluent treatment,Common sludges
02 06 99,wastes not otherwise specified,
02 07,"wastes from the production of alcoholic and non-alcoholic beverages (except coffee, tea and cocoa)",
02 07 01,"wastes from washing, cleaning and mechanical reduction of raw materials",Vegetal wastes
02 07 02,wastes from spirits distillation,Vegetal wastes
02 07 03,wastes from chemical treatment,Chemical wastes
02 07 04,materials unsuitable for consumption or processing,Vegetal wastes
02 07 05,sludges from on-site effluent treatment,Common sludges
02 07 99,wastes not otherwise specified,Mixed and undifferentiated materials
03,"WASTES FROM WOOD PROCESSING AND THE PRODUCTION OF PANELS AND FURNITURE, PULP, PAPER AND CARDBOARD",
03 01,wastes from wood processing and the production of panels and furniture,
03 01 01,waste bark and cork,
03 01 04*,"sawdust, shavings, cuttings, wood, particle board and veneer containing hazardous substances",Wood wastes
03 01 05,"sawdust, shavings, cuttings, wood, particle board and veneer other than those mentioned in 03 01 04",Wood wastes
03 01 99,wastes not otherwise specified,Mixed and undifferentiated materials
03 02,wastes from wood preservation,
03 02 01*,non-halogenated organic wood preservatives,Chemical wastes
03 02 02*,organochlorinated wood preservatives,
03 02 03*,organometallic wood preservatives,
03 02 04*,inorganic wood preservatives,
03 02 05*,other wood preservatives containing hazardous substances,Chemical wastes
03 02 99,wood preservatives not otherwise specified,
03 03,"wastes from pulp, paper and cardboard production and processing",
03 03 01,waste bark and wood,Wood wastes
03 03 02,green liquor sludge (from recovery of cooking liquor),
03 03 05,de-inking sludges from paper recycling,
03 03 07,mechanically separated rejects from pulping of waste paper and cardboard,Mixed and undifferentiated materials
03 03 08,wastes from sorting of paper and cardboard destined for recycling,Mixed and undifferentiated materials
03 03 09,lime mud waste,
03 03 10,"fibre rejects, fibre-, filler- and coating-sludges from mechanical separation",Industrial effluent sludges
03 03 11,sludges from on-site effluent treatment other than those mentioned in 03 03 10,Common sludges
03 03 99,wastes not otherwise specified,
04,"WASTES FROM THE LEATHER, FUR AND TEXTILE INDUSTRIES",
04 01,wastes from the leather and fur industry,
04 01 01,fleshings and lime split wastes,Textile wastes
04 01 02,liming waste,
04 01 03*,degreasing wastes containing solvents without a liquid phase,
04 01 04,tanning liquor containing chromium,
04 01 05,tanning liquor free of chromium,Chemical wastes
04 01 06,"sludges, in particular from on-site effluent treatment containing chromium",Industrial effluent sludges
04 01 07,"sludges, in particular from on-site effluent treatment free of chromium",
04 01 08,"waste tanned leather (blue sheetings, shavings, cuttings, buffing dust) containing chromium",Textile wastes
04 01 09,wastes from dressing and finishing,
04 01 99,wastes not otherwise specified,Mixed and undifferentiated materials
04 02,wastes from the textile industry,
04 02 09,"wastes from composite materials (impregnated textile, elastomer, plastomer)",
04 02 10,"organic matter from natural products (for example grease, wax)",Textile wastes
04 02 14*,wastes from finishing containing organic solvents,
04 02 15,wastes from finishing other than those mentioned in 04 02 14,
04 02 16*,dyestuffs and pigments containing hazardous substances,Chemical wastes
04 02 17,dyestuffs and pigments other than those mentioned in 04 02 16,Chemical wastes
04 02 19*,sludges from on-site effluent treatment containing hazardous substances,
04 02 20,sludges from on-site effluent treatment other than those mentioned in 04 02 19,
04 02 21,wastes from unprocessed textile fibres,
04 02 22,wastes from processed textile fibres,Textile wastes
04 02 99,wastes not otherwise specified,
05,"WASTES FROM PETROLEUM REFINING, NATURAL GAS PURIFICATION AND PYROLYTIC TREATMENT OF COAL",
05 01,wastes from petroleum refining,
05 01 02*,desalter sludges,Used oils
05 01 03*,tank bottom sludges,Used oils
05 01 04*,acid alkyl sludges,
05 01 05*,oil spills,Soils
05 01 06*,oily sludges from maintenance operations of the plant or equipment,Chemical wastes
05 01 07*,acid tars,
05 01 08*,other tars,Chemical wastes
05 01 09*,sludges from on-site effluent treatment containing hazardous substances,Industrial effluent sludges
05 01 10,sludges from on-site effluent treatment other than those mentioned in 05 01 09,Industrial effluent sludges
05 01 11*,wastes from cleaning of fuels with bases,
05 01 12*,oil containing acids,
05 01 13,boiler feedwater sludges,
05 01 14,wastes from cooling columns,
05 01 15*,spent filter clays,
05 01 16,sulphur-containing wastes from petroleum desulphurisation,
05 01 17,Bitumen,Chemical wastes
05 01 99,wastes not otherwise specified,Mixed and undifferentiated materials
05 06,wastes from the pyrolytic treatment of coal,
05 06 01*,acid tars,
05 06 03*,other tars,
05 06 04,waste from cooling columns,
05 06 99,wastes not otherwise specified,
05 07,wastes from natural gas purification and transportation,
05 07 01*,wastes containing mercury,Chemical wastes
05 07 02,wastes containing sulphur,
05 07 99,wastes not otherwise specified,
06,WASTES FROM INORGANIC CHEMICAL PROCESSES,
06 01,"wastes from the manufacture, formulation, supply and use (MFSU) of acids",
06 01 01*,sulphuric acid and sulphurous acid,"Acid, alkaline or saline wastes"
06 01 02*,hydrochloric acid,"Acid, alkaline or saline wastes"
06 01 03*,hydrofluoric acid,"Acid, alkaline or saline wastes"
06 01 04*,phosphoric and phosphorous acid,"Acid, alkaline or saline wastes"
06 01 05*,nitric acid and nitrous acid,"Acid, alkaline or saline wastes"
06 01 06*,other acids,"Acid, alkaline or saline wastes"
06 01 99,wastes not otherwise specified,Mixed and undifferentiated materials
06 02,wastes from the MFSU of bases,
06 02 01*,calcium hydroxide,"Acid, alkaline or saline wastes"
06 02 03*,ammonium hydroxide,"Acid, alkaline or saline wastes"
06 02 04*,sodium and potassium hydroxide,"Acid, alkaline or saline wastes"
06 02 05*,other bases,"Acid, alkaline or saline wastes"
06 02 99,wastes not otherwise specified,
06 03,wastes from the MFSU of salts and their solutions and metallic oxides,
06 03 11*,solid salts and solutions containing cyanides,"Acid, alkaline or saline wastes"
06 03 13*,solid salts and solutions containing heavy metals,"Acid, alkaline or saline wastes"
06 03 14,solid salts and solutions other than those mentioned in 06 03 11 and 06 03 13,"Acid, alkaline or saline wastes"
06 03 15*,metallic oxides containing heavy metals,"Acid, alkaline or saline wastes"
06 03 16,metallic oxides other than those mentioned in 06 03 15,"Acid, alkaline or saline wastes"
06 03 99,wastes not otherwise specified,Mixed and undifferentiated materials
06 04,metal-containing wastes other than those mentioned in 06 03,
06 04 03*,wastes containing arsenic,"Acid, alkaline or saline wastes"
06 04 04*,wastes containing mercury,"Acid, alkaline or saline wastes"
06 04 05*,wastes containing other heavy metals,"Acid, alkaline or saline wastes"
06 04 99,wastes not otherwise specified,
06 05,sludges from on-site effluent treatment,
06 05 02*,sludges from on-site effluent treatment containing hazardous substances,Industrial effluent sludges
06 05 03,sludges from on-site effluent treatment other than those mentioned in 06 05 02,
06 06,"wastes from the MFSU of sulphur chemicals, sulphur chemical processes and desulphurisation processes",
06 06 02*,wastes containing hazardous sulphides,
06 06 03,wastes containing sulphides other than those mentioned in 06 06 02,"Acid, alkaline or saline wastes"
06 06 99,wastes not otherwise specified,
06 07,wastes from the MFSU of halogens and halogen chemical processes,
06 07 01*,wastes containing asbestos from electrolysis,Other mineral wastes
06 07 02*,activated carbon from chlorine production,
06 07 03*,barium sulphate sludge containing mercury,
06 07 04*,"solutions and acids, for example contact acid",
06 07 99,wastes not otherwise specified,
06 08,wastes from the MFSU of silicon and silicon derivatives,
06 08 02*,waste containing hazardous chlorosilanes,Chemical wastes
06 08 99,wastes not otherwise specified,
06 09,wastes from the MSFU of phosphorous chemicals and phosphorous chemical processes,
06 09 02,phosphorous slag,
06 09 03*,calcium-based reaction wastes containing or contaminated with hazardous substances,Other mineral wastes
06 09 04,calcium-based reaction wastes other than those mentioned in 06 09 03,
06 09 99,wastes not otherwise specified,
06 10,"wastes from the MFSU of nitrogen chemicals, nitrogen chemical processes and fertiliser manufacture",
06 10 02*,wastes containing hazardous substances,Chemical wastes
06 10 99,wastes not otherwise specified,
06 11,wastes from the manufacture of inorganic pigments and opacificiers,
06 11 01,calcium-based reaction wastes from titanium dioxide production,
06 11 99,wastes not otherwise specified,
06 13,wastes from inorganic chemical processes not otherwise specified,
06 13 01*,"inorganic plant protection products, wood-preserving agents and other biocides.",Chemical wastes
06 13 02*,spent activated carbon (except 06 07 02),Chemical wastes
06 13 03,carbon black,Chemical wastes
06 13 04*,wastes from asbestos processing,
06 13 05*,Soot,
06 13 99,wastes not otherwise specified,Mixed and undifferentiated materials
07,WASTES FROM ORGANIC CHEMICAL PROCESSES,
07 01,"wastes from the manufacture, formulation, supply and use (MFSU) of basic organic chemicals",
07 01 01*,aqueous washing liquids and mother liquors,Chemical wastes
07 01 03*,"organic halogenated solvents, washing liquids and mother liquors",Spent solvents
07 01 04*,"other organic solvents, washing liquids and mother liquors",Spent solvents
07 01 07*,halogenated still bottoms and reaction residues,
07 01 08*,other still bottoms and reaction residues,
07 01 09*,halogenated filter cakes and spent absorbents,
07 01 10*,other filter cakes and spent absorbents,Chemical wastes
07 01 11*,sludges from on-site effluent treatment containing hazardous substances,Industrial effluent sludges
07 01 12,sludges from on-site effluent treatment other than those mentioned in 07 01 11,Industrial effluent sludges
07 01 99,wastes not otherwise specified,
07 02,"wastes from the MFSU of plastics, synthetic rubber and man-made fibres",
07 02 01*,aqueous washing liquids and mother liquors,Chemical wastes
07 02 03*,"organic halogenated solvents, washing liquids and mother liquors",Spent solvents
07 02 04*,"other organic solvents, washing liquids and mother liquors",Spent solvents
07 02 07*,halogenated still bottoms and reaction residues,
07 02 08*,other still bottoms and reaction residues,Chemical wastes
07 02 09*,halogenated filter cakes and spent absorbents,
07 02 10*,other filter cakes and spent absorbents,Chemical wastes
07 02 11*,sludges from on-site effluent treatment containing hazardous substances,Industrial effluent sludges
07 02 12,sludges from on-site effluent treatment other than those mentioned in 07 02 11,Industrial effluent sludges
07 02 13,waste plastic,Plastic wastes
07 02 14*,wastes from additives containing hazardous substances,
07 02 15,wastes from additives other than those mentioned in 07 02 14,Chemical wastes
07 02 16*,waste containing hazardous silicones,Chemical wastes
07 02 17,waste containing silicones other than those mentioned in 07 02 16,Chemical wastes
07 02 99,wastes not otherwise specified,Mixed and undifferentiated materials
07 03,wastes from the MFSU of organic dyes and pigments (except 06 11),
07 03 01*,aqueous washing liquids and mother liquors,Chemical wastes
07 03 03*,"organic halogenated solvents, washing liquids and mother liquors",
07 03 04*,"other organic solvents, washing liquids and mother liquors",Spent solvents
07 03 07*,halogenated still bottoms and reaction residues,
07 03 08*,other still bottoms and reaction residues,Chemical wastes
07 03 09*,halogenated filter cakes and spent absorbents,
07 03 10*,other filter cakes and spent absorbents,
07 03 11*,sludges from on-site effluent treatment containing hazardous substances,
07 03 12,sludges from on-site effluent treatment other than those mentioned in 07 03 11,Industrial effluent sludges
07 03 99,wastes not otherwise specified,
07 04,"wastes from the MFSU of organic plant protection products (except 02 01 08 and 02 01 09), wood preserving agents (except 03 02) and other biocides",
07 04 01*,aqueous washing liquids and mother liquors,Chemical wastes
07 04 03*,"organic halogenated solvents, washing liquids and mother liquors",
07 04 04*,"other organic solvents, washing liquids and mother liquors",Spent solvents
07 04 07*,halogenated still bottoms and reaction residues,Chemical wastes
07 04 08*,other still bottoms and reaction residues,
07 04 09*,halogenated filter cakes and spent absorbents,
07 04 10*,other filter cakes and spent absorbents,
07 04 11*,sludges from on-site effluent treatment containing hazardous substances,Industrial effluent sludges
07 04 12,sludges from on-site effluent treatment other than those mentioned in 07 04 11,
07 04 13*,solid wastes containing hazardous substances,Chemical wastes
07 04 99,wastes not otherwise specified,
07 05,wastes from the MFSU of pharmaceuticals,
07 05 01*,aqueous washing liquids and mother liquors,Chemical wastes
07 05 03*,"organic halogenated solvents, washing liquids and mother liquors",Spent solvents
07 05 04*,"other organic solvents, washing liquids and mother liquors",Spent solvents
07 05 07*,halogenated still bottoms and reaction residues,
07 05 08*,other still bottoms and reaction residues,Chemical wastes
07 05 09*,halogenated filter cakes and spent absorbents,
07 05 10*,other filter cakes and spent absorbents,Chemical wastes
07 05 11*,sludges from on-site effluent treatment containing hazardous substances,Industrial effluent sludges
07 05 12,sludges from on-site effluent treatment other than those mentioned in 07 05 11,Industrial effluent sludges
07 05 13*,solid wastes containing hazardous substances,Chemical wastes
07 05 14,solid wastes other than those mentioned in 07 05 13,Chemical wastes
07 05 99,wastes not otherwise specified,Mixed and undifferentiated materials
07 06,"wastes from the MFSU of fats, grease, soaps, detergents, disinfectants and cosmetics",
07 06 01*,aqueous washing liquids and mother liquors,Chemical wastes
07 06 03*,"organic halogenated solvents, washing liquids and mother liquors",Spent solvents
07 06 04*,"other organic solvents, washing liquids and mother liquors",Spent solvents
07 06 07*,halogenated still bottoms and reaction residues,
07 06 08*,other still bottoms and reaction residues,Chemical wastes
07 06 09*,halogenated filter cakes and spent absorbents,
07 06 10*,other filter cakes and spent absorbents,
07 06 11*,sludges from on-site effluent treatment containing hazardous substances,
07 06 12,sludges from on-site effluent treatment other than those mentioned in 07 06 11,Industrial effluent sludges
07 06 99,wastes not otherwise specified,
07 07,wastes from the MFSU of fine chemicals and chemical products not otherwise specified,
07 07 01*,aqueous washing liquids and mother liquors,Chemical wastes
07 07 03*,"organic halogenated solvents, washing liquids and mother liquors",Spent solvents
07 07 04*,"other organic solvents, washing liquids and mother liquors",Spent solvents
07 07 07*,halogenated still bottoms and reaction residues,
07 07 08*,other still bottoms and reaction residues,
07 07 09*,halogenated filter cakes and spent absorbents,Chemical wastes
07 07 10*,other filter cakes and spent absorbents,Chemical wastes
07 07 11*,sludges from on-site effluent treatment containing hazardous substances,
07 07 12,sludges from on-site effluent treatment other than those mentioned in 07 07 11,Industrial effluent sludges
07 07 99,wastes not otherwise specified,
08,"WASTES FROM THE MANUFACTURE, FORMULATION, SUPPLY AND USE (MFSU) OF COATINGS (PAINTS, VARNISHES AND VITREOUS ENAMELS), ADHESIVES, SEALANTS AND PRINTING INKS",
08 01,wastes from MFSU and removal of paint and varnish,
08 01 11*,waste paint and varnish containing organic solvents or other hazardous substances,Chemical wastes
08 01 12,waste paint and varnish other than those mentioned in 08 01 11,Chemical wastes
08 01 13*,sludges from paint or varnish containing organic solvents or other hazardous substances,Chemical wastes
08 01 14,sludges from paint or varnish other than those mentioned in 08 01 13,Chemical wastes
08 01 15*,aqueous sludges containing paint or varnish containing organic solvents or other hazardous substances,Chemical wastes
08 01 16,aqueous sludges containing paint or varnish other than those mentioned in 08 01 15,Chemical wastes
08 01 17*,wastes from paint or varnish removal containing organic solvents or other hazardous substances,Chemical wastes
08 01 18,wastes from paint or varnish removal other than those mentioned in 08 01 17,Chemical wastes
08 01 19*,aqueous suspensions containing paint or varnish containing organic solvents or other hazardous substances,Chemical wastes
08 01 20,aqueous suspensions containing paint or varnish other than those mentioned in 08 01 19,Chemical wastes
08 01 21*,waste paint or varnish remover,Chemical wastes
08 01 99,wastes not otherwise specified,Mixed and undifferentiated materials
08 02,wastes from MFSU of other coatings (including ceramic materials),
08 02 01,waste coating powders,Chemical wastes
08 02 02,aqueous sludges containing ceramic materials,
08 02 03,aqueous suspensions containing ceramic materials,
08 02 99,wastes not otherwise specified,Mixed and undifferentiated materials
08 03,wastes from MFSU of printing inks,
08 03 07,aqueous sludges containing ink,Chemical wastes
08 03 08,aqueous liquid waste containing ink,Chemical wastes
08 03 12*,waste ink containing hazardous substances,Chemical wastes
08 03 13,waste ink other than those mentioned in 08 03 12,Chemical wastes
08 03 14*,ink sludges containing hazardous substances,Chemical wastes
08 03 15,ink sludges other than those mentioned in 08 03 14,Chemical wastes
08 03 16*,waste etching solutions,"Acid, alkaline or saline wastes"
08 03 17*,waste printing toner containing hazardous substances,Chemical wastes
08 03 18,waste printing toner other than those mentioned in 08 03 17,Chemical wastes
08 03 19*,disperse oil,Used oils
08 03 99,wastes not otherwise specified,
08 04,wastes from MFSU of adhesives and sealants (including waterproofing products),
08 04 09*,waste adhesives and sealants containing organic solvents or other hazardous substances,Chemical wastes
08 04 10,waste adhesives and sealants other than those mentioned in 08 04 09,Chemical wastes
08 04 11*,adhesive and sealant sludges containing organic solvents or other hazardous substances,Chemical wastes
08 04 12,adhesive and sealant sludges other than those mentioned in 08 04 11,Chemical wastes
08 04 13*,aqueous sludges containing adhesives or sealants containing organic solvents or other hazardous substances,Chemical wastes
08 04 14,aqueous sludges containing adhesives or sealants other than those mentioned in 08 04 13,Chemical wastes
08 04 15*,aqueous liquid waste containing adhesives or sealants containing organic solvents or other hazardous substances,Chemical wastes
08 04 16,aqueous liquid waste containing adhesives or sealants other than those mentioned in 08 04 15,Chemical wastes
08 04 17*,rosin oil,
08 04 99,wastes not otherwise specified,
08 05,wastes not otherwise specified in 08,
08 05 01*,waste isocyanates,Chemical wastes
09,WASTES FROM THE PHOTOGRAPHIC INDUSTRY,
09 01,wastes from the photographic industry,
09 01 01*,water-based developer and activator solutions,"Acid, alkaline or saline wastes"
09 01 02*,water-based offset plate developer solutions,"Acid, alkaline or saline wastes"
09 01 03*,solvent-based developer solutions,"Acid, alkaline or saline wastes"
09 01 04*,fixer solutions,"Acid, alkaline or saline wastes"
09 01 05*,bleach solutions and bleach fixer solutions,"Acid, alkaline or saline wastes"
09 01 06*,wastes containing silver from on-site treatment of photographic wastes,Mixed and undifferentiated materials
09 01 07,photographic film and paper containing silver or silver compounds,Mixed and undifferentiated materials
09 01 08,photographic film and paper free of silver or silver compounds,Mixed and undifferentiated materials
09 01 10,single-use cameras without batteries,
09 01 11*,"single-use cameras containing batteries included in 16 06 01, 16 06 02 or 16 06 03",
09 01 12,single-use cameras containing batteries other than those mentioned in 09 01 11,"Discarded equipment (excluding discarded vehicles, batteries and accumulators wastes)"
09 01 13*,aqueous liquid waste from on-site reclamation of silver other than those mentioned in 09 01 06,
09 01 99,wastes not otherwise specified,
10,WASTES FROM THERMAL PROCESSES,
10 01,wastes from power stations and other combustion plants (except 19),
10 01 01,"bottom ash, slag and boiler dust (excluding boiler dust mentioned in 10 01 04)",Combustion wastes
10 01 02,coal fly ash,
10 01 03,fly ash from peat and untreated wood,Combustion wastes
10 01 04*,oil fly ash and boiler dust,Combustion wastes
10 01 05,calcium-based reaction wastes from flue-gas desulphurisation in solid form,
10 01 07,calcium-based reaction wastes from flue-gas desulphurisation in sludge form,Combustion wastes
10 01 09*,sulphuric acid,"Acid, alkaline or saline wastes"
10 01 13*,fly ash from emulsified hydrocarbons used as fuel,
10 01 14*,"bottom ash, slag and boiler dust from co-incineration containing hazardous substances",Combustion wastes
10 01 15,"bottom ash, slag and boiler dust from co-incineration other than those mentioned in 10 01 14",Combustion wastes
10 01 16*,fly ash from co-incineration containing hazardous substances,Combustion wastes
10 01 17,fly ash from co-incineration other than those mentioned in 10 01 16,Combustion wastes
10 01 18*,wastes from gas cleaning containing hazardous substances,Combustion wastes
10 01 19,"wastes from gas cleaning other than those mentioned in 10 01 05, 10 01 07 and 10 01 18",
10 01 20*,sludges from on-site effluent treatment containing hazardous substances,Industrial effluent sludges
10 01 21,sludges from on-site effluent treatment other than those mentioned in 10 01 20,Industrial effluent sludges
10 01 22*,aqueous sludges from boiler cleansing containing hazardous substances,Industrial effluent sludges
10 01 23,aqueous sludges from boiler cleansing other than those mentioned in 10 01 22,Industrial effluent sludges
10 01 24,sands from fluidised beds,Combustion wastes
10 01 25,wastes from fuel storage and preparation of coal-fired power plants,
10 01 26,wastes from cooling-water treatment,Industrial effluent sludges
10 01 99,wastes not otherwise specified,
10 02,wastes from the iron and steel industry,
10 02 01,wastes from the processing of slag,
10 02 02,unprocessed slag,
10 02 07*,solid wastes from gas treatment containing hazardous substances,
10 02 08,solid wastes from gas treatment other than those mentioned in 10 02 07,
10 02 10,mill scales,"Metallic wastes, ferrous"
10 02 11*,wastes from cooling-water treatment containing oil,
10 02 12,wastes from cooling-water treatment other than those mentioned in 10 02 11,
10 02 13*,sludges and filter cakes from gas treatment containing hazardous substances,
10 02 14,sludges and filter cakes from gas treatment other than those mentioned in 10 02 13,
10 02 15,other sludges and filter cakes,Industrial effluent sludges
10 02 99,wastes not otherwise specified,
10 03,wastes from aluminium thermal metallurgy,
10 03 02,anode scraps,
10 03 04*,primary production slags,
10 03 05,waste alumina,Other mineral wastes
10 03 08*,salt slags from secondary production,
10 03 09*,black drosses from secondary production,
10 03 15*,"skimmings that are flammable or emit, upon contact with water, flammable gases in hazardous quantities",
10 03 16,skimmings other than those mentioned in 10 03 15,
10 03 17*,tar-containing wastes from anode manufacture,
10 03 18,carbon-containing wastes from anode manufacture other than those mentioned in 10 03 17,
10 03 19*,flue-gas dust containing hazardous substances,
10 03 20,flue-gas dust other than those mentioned in 10 03 19,
10 03 21*,other particulates and dust (including ball-mill dust) containing hazardous substances,
10 03 22,other particulates and dust (including ball-mill dust) other than those mentioned in 10 03 21,
10 03 23*,solid wastes from gas treatment containing hazardous substances,Combustion wastes
10 03 24,solid wastes from gas treatment other than those mentioned in 10 03 23,
10 03 25*,sludges and filter cakes from gas treatment containing hazardous substances,
10 03 26,sludges and filter cakes from gas treatment other than those mentioned in 10 03 25,
10 03 27*,wastes from cooling-water treatment containing oil,
10 03 28,wastes from cooling-water treatment other than those mentioned in 10 03 27,
10 03 29*,wastes from treatment of salt slags and black drosses containing hazardous substances,
10 03 30,wastes from treatment of salt slags and black drosses other than those mentioned in 10 03 29,
10 03 99,wastes not otherwise specified,
10 04,wastes from lead thermal metallurgy,
10 04 01*,slags from primary and secondary production,
10 04 02*,dross and skimmings from primary and secondary production,
10 04 03*,calcium arsenate,
10 04 04*,flue-gas dust,
10 04 05*,other particulates and dust,
10 04 06*,solid wastes from gas treatment,
10 04 07*,sludges and filter cakes from gas treatment,
10 04 09*,wastes from cooling-water treatment containing oil,
10 04 10,wastes from cooling-water treatment other than those mentioned in 10 04 09,
10 04 99,wastes not otherwise specified,
10 05,wastes from zinc thermal metallurgy,
10 05 01,slags from primary and secondary production,
10 05 03*,flue-gas dust,
10 05 04,other particulates and dust,
10 05 05*,solid waste from gas treatment,
10 05 06*,sludges and filter cakes from gas treatment,
10 05 08*,wastes from cooling-water treatment containing oil,
10 05 09,wastes from cooling-water treatment other than those mentioned in 10 05 08,
10 05 10*,"dross and skimmings that are flammable or emit, upon contact with water, flammable gases in hazardous quantities",
10 05 11,dross and skimmings other than those mentioned in 10 05 10,
10 05 99,wastes not otherwise specified,
10 06,wastes from copper thermal metallurgy,
10 06 01,slags from primary and secondary production,
10 06 02,dross and skimmings from primary and secondary production,
10 06 03*,flue-gas dust,
10 06 04,other particulates and dust,
10 06 06*,solid wastes from gas treatment,
10 06 07*,sludges and filter cakes from gas treatment,
10 06 09*,wastes from cooling-water treatment containing oil,
10 06 10,wastes from cooling-water treatment other than those mentioned in 10 06 09,
10 06 99,wastes not otherwise specified,
10 07,"wastes from silver, gold and platinum thermal metallurgy",
10 07 01,slags from primary and secondary production,
10 07 02,dross and skimmings from primary and secondary production,
10 07 03,solid wastes from gas treatment,
10 07 04,other particulates and dust,
10 07 05,sludges and filter cakes from gas treatment,
10 07 07*,wastes from cooling-water treatment containing oil,
10 07 08,wastes from cooling-water treatment other than those mentioned in 10 07 07,
10 07 99,wastes not otherwise specified,
10 08,wastes from other non-ferrous thermal metallurgy,
10 08 04,particulates and dust,
10 08 08*,salt slag from primary and secondary production,
10 08 09,other slags,
10 08 10*,"dross and skimmings that are flammable or emit, upon contact with water, flammable gases in hazardous quantities",
10 08 11,dross and skimmings other than those mentioned in 10 08 10,Combustion wastes
10 08 12*,tar-containing wastes from anode manufacture,
10 08 13,carbon-containing wastes from anode manufacture other than those mentioned in 10 08 12,
10 08 14,anode scrap,
10 08 15*,flue-gas dust containing hazardous substances,
10 08 16,flue-gas dust other than those mentioned in 10 08 15,
10 08 17*,sludges and filter cakes from flue-gas treatment containing hazardous substances,
10 08 18,sludges and filter cakes from flue-gas treatment other than those mentioned in 10 08 17,
10 08 19*,wastes from cooling-water treatment containing oil,
10 08 20,wastes from cooling-water treatment other than those mentioned in 10 08 19,
10 08 99,wastes not otherwise specified,
10 09,wastes from casting of ferrous pieces,
10 09 03,furnace slag,
10 09 05*,casting cores and moulds which have not undergone pouring containing hazardous substances,
10 09 06,casting cores and moulds which have not undergone pouring other than those mentioned in 10 09 05,
10 09 07*,casting cores and moulds which have undergone pouring containing hazardous substances,
10 09 08,casting cores and moulds which have undergone pouring other than those mentioned in 10 09 07,
10 09 09*,flue-gas dust containing hazardous substances,
10 09 10,flue-gas dust other than those mentioned in 10 09 09,
10 09 11*,other particulates containing hazardous substances,
10 09 12,other particulates other than those mentioned in 10 09 11,
10 09 13*,waste binders containing hazardous substances,
10 09 14,waste binders other than those mentioned in 10 09 13,
10 09 15*,waste crack-indicating agent containing hazardous substances,
10 09 16,waste crack-indicating agent other than those mentioned in 10 09 15,
10 09 99,wastes not otherwise specified,
10 10,wastes from casting of non-ferrous pieces,
10 10 03,furnace slag,
10 10 05*,"casting cores and moulds which have not undergone pouring, containing hazardous substances",
10 10 06,"casting cores and moulds which have not undergone pouring, other than those mentioned in 10 10 05",
10 10 07*,"casting cores and moulds which have undergone pouring, containing hazardous substances",
10 10 08,"casting cores and moulds which have undergone pouring, other than those mentioned in 10 10 07",
10 10 09*,flue-gas dust containing hazardous substances,
10 10 10,flue-gas dust other than those mentioned in 10 10 09,
10 10 11*,other particulates containing hazardous substances,
10 10 12,other particulates other than those mentioned in 10 10 11,
10 10 13*,waste binders containing hazardous substances,
10 10 14,waste binders other than those mentioned in 10 10 13,
10 10 15*,waste crack-indicating agent containing hazardous substances,
10 10 16,waste crack-indicating agent other than those mentioned in 10 10 15,
10 10 99,wastes not otherwise specified,
10 11,wastes from manufacture of glass and glass products,
10 11 03,waste glass-based fibrous materials,Other mineral wastes
10 11 05,particulates and dust,Other mineral wastes
10 11 09*,"waste preparation mixture before thermal processing, containing hazardous substances",Other mineral wastes
10 11 10,"waste preparation mixture before thermal processing, other than those mentioned in 10 11 09",
10 11 11*,waste glass in small particles and glass powder containing heavy metals (for example from cathode ray tubes),
10 11 12,waste glass other than those mentioned in 10 11 11,Glass wastes
10 11 13*,glass-polishing and -grinding sludge containing hazardous substances,
10 11 14,glass-polishing and -grinding sludge other than those mentioned in 10 11 13,Other mineral wastes
10 11 15*,solid wastes from flue-gas treatment containing hazardous substances,Combustion wastes
10 11 16,solid wastes from flue-gas treatment other than those mentioned in 10 11 15,
10 11 17*,sludges and filter cakes from flue-gas treatment containing hazardous substances,
10 11 18,sludges and filter cakes from flue-gas treatment other than those mentioned in 10 11 17,
10 11 19*,solid wastes from on-site effluent treatment containing hazardous substances,
10 11 20,solid wastes from on-site effluent treatment other than those mentioned in 10 11 19,
10 11 99,wastes not otherwise specified,
10 12,"wastes from manufacture of ceramic goods, bricks, tiles and construction products",
10 12 01,waste preparation mixture before thermal processing,
10 12 03,particulates and dust,Combustion wastes
10 12 05,sludges and filter cakes from gas treatment,
10 12 06,discarded moulds,"Metallic wastes, ferrous"
10 12 08,"waste ceramics, bricks, tiles and construction products (after thermal processing)",
10 12 09*,solid wastes from gas treatment containing hazardous substances,
10 12 10,solid wastes from gas treatment other than those mentioned in 10 12 09,
10 12 11*,wastes from glazing containing heavy metals,Other mineral wastes
10 12 12,wastes from glazing other than those mentioned in 10 12 11,
10 12 13,sludge from on-site effluent treatment,Industrial effluent sludges
10 12 99,wastes not otherwise specified,Mixed and undifferentiated materials
10 13,"wastes from manufacture of cement, lime and plaster and articles and products made from them",
10 13 01,waste preparation mixture before thermal processing,
10 13 04,wastes from calcination and hydration of lime,Other mineral wastes
10 13 06,particulates and dust (except 10 13 12 and 10 13 13),Other mineral wastes
10 13 07,sludges and filter cakes from gas treatment,
10 13 09*,wastes from asbestos-cement manufacture containing asbestos,
10 13 10,wastes from asbestos-cement manufacture other than those mentioned in 10 13 09,
10 13 11,wastes from cement-based composite materials other than those mentioned in 10 13 09 and 10 13 10,Other mineral wastes
10 13 12*,solid wastes from gas treatment containing hazardous substances,
10 13 13,solid wastes from gas treatment other than those mentioned in 10 13 12,
10 13 14,waste concrete and concrete sludge,Other mineral wastes
10 13 99,wastes not otherwise specified,
10 14,waste from crematoria,
10 14 01*,waste from gas cleaning containing mercury,Combustion wastes
11,WASTES FROM CHEMICAL SURFACE TREATMENT AND COATING OF METALS AND OTHER MATERIALS; NON-FERROUS HYDRO-METALLURGY,
11 01,"wastes from chemical surface treatment and coating of metals and other materials (for example galvanic processes, zinc coating processes, pickling processes, etching, phosphating, alkaline degreasing, anodising)",
11 01 05*,pickling acids,"Acid, alkaline or saline wastes"
11 01 06*,acids not otherwise specified,"Acid, alkaline or saline wastes"
11 01 07*,pickling bases,"Acid, alkaline or saline wastes"
11 01 08*,phosphatising sludges,"Acid, alkaline or saline wastes"
11 01 09*,sludges and filter cakes containing hazardous substances,Industrial effluent sludges
11 01 10,sludges and filter cakes other than those mentioned in 11 01 09,Industrial effluent sludges
11 01 11*,aqueous rinsing liquids containing hazardous substances,Chemical wastes
11 01 12,aqueous rinsing liquids other than those mentioned in 11 01 11,Chemical wastes
11 01 13*,degreasing wastes containing hazardous substances,"Acid, alkaline or saline wastes"
11 01 14,degreasing wastes other than those mentioned in 11 01 13,"Acid, alkaline or saline wastes"
11 01 15*,eluate and sludges from membrane systems or ion exchange systems containing hazardous substances,
11 01 16*,saturated or spent ion exchange resins,Chemical wastes
11 01 98*,other wastes containing hazardous substances,Chemical wastes
11 01 99,wastes not otherwise specified,Mixed and undifferentiated materials
11 02,wastes from non-ferrous hydrometallurgical processes,
11 02 02*,"sludges from zinc hydrometallurgy (including jarosite, goethite)",
11 02 03,wastes from the production of anodes for aqueous electrolytical processes,
11 02 05*,wastes from copper hydrometallurgical processes containing hazardous substances,
11 02 06,wastes from copper hydrometallurgical processes other than those mentioned in 11 02 05,
11 02 07*,other wastes containing hazardous substances,Industrial effluent sludges
11 02 99,wastes not otherwise specified,
11 03,sludges and solids from tempering processes,
11 03 01*,wastes containing cyanide,
11 03 02*,other wastes,"Acid, alkaline or saline wastes"
11 05,wastes from hot galvanising processes,
11 05 01,hard zinc,
11 05 02,zinc ash,
11 05 03*,solid wastes from gas treatment,
11 05 04*,spent flux,
11 05 99,wastes not otherwise specified,
12,WASTES FROM SHAPING AND PHYSICAL AND MECHANICAL SURFACE TREATMENT OF METALS AND PLASTICS,
12 01,wastes from shaping and physical and mechanical surface treatment of metals and plastics,
12 01 01,ferrous metal filings and turnings,"Metallic wastes, ferrous"
12 01 02,ferrous metal dust and particles,"Metallic wastes, ferrous"
12 01 03,non-ferrous metal filings and turnings,"Metallic wastes, non-ferrous"
12 01 04,non-ferrous metal dust and particles,"Metallic wastes, non-ferrous"
12 01 05,plastics shavings and turnings,Plastic wastes
12 01 06*,mineral-based machining oils containing halogens (except emulsions and solutions),
12 01 07*,mineral-based machining oils free of halogens (except emulsions and solutions),Used oils
12 01 08*,machining emulsions and solutions containing halogens,Used oils
12 01 09*,machining emulsions and solutions free of halogens,Used oils
12 01 10*,synthetic machining oils,Used oils
12 01 12*,spent waxes and fats,Used oils
12 01 13,welding wastes,Mixed and undifferentiated materials
12 01 14*,machining sludges containing hazardous substances,Industrial effluent sludges
12 01 15,machining sludges other than those mentioned in 12 01 14,Industrial effluent sludges
12 01 16*,waste blasting material containing hazardous substances,Other mineral wastes
12 01 17,waste blasting material other than those mentioned in 12 01 16,Other mineral wastes
12 01 18*,"metal sludge (grinding, honing and lapping sludge) containing oil",Used oils
12 01 19*,readily biodegradable machining oil,Used oils
12 01 20*,spent grinding bodies and grinding materials containing hazardous substances,Other mineral wastes
12 01 21,spent grinding bodies and grinding materials other than those mentioned in 12 01 20,Other mineral wastes
12 01 99,wastes not otherwise specified,
12 03,wastes from water and steam degreasing processes (except 11),
12 03 01*,aqueous washing liquids,Industrial effluent sludges
12 03 02*,steam degreasing wastes,
13,"OIL WASTES AND WASTES OF LIQUID FUELS (except edible oils, and those in chapters 05, 12 and 19)",
13 01,waste hydraulic oils,
13 01 01*,"hydraulic oils, containing PCBs",Waste containing PCB
13 01 04*,chlorinated emulsions,
13 01 05*,non-chlorinated emulsions,Used oils
13 01 09*,mineral-based chlorinated hydraulic oils,Used oils
13 01 10*,mineral based non-chlorinated hydraulic oils,Used oils
13 01 11*,synthetic hydraulic oils,Used oils
13 01 12*,readily biodegradable hydraulic oils,Used oils
13 01 13*,other hydraulic oils,Used oils
13 02,"waste engine, gear and lubricating oils",
13 02 04*,"mineral-based chlorinated engine, gear and lubricating oils",Used oils
13 02 05*,"mineral-based non-chlorinated engine, gear and lubricating oils",Used oils
13 02 06*,"synthetic engine, gear and lubricating oils",Used oils
13 02 07*,"readily biodegradable engine, gear and lubricating oils",Used oils
13 02 08*,"other engine, gear and lubricating oils",Used oils
13 03,waste insulating and heat transmission oils,
13 03 01*,insulating or heat transmission oils containing PCBs,Waste containing PCB
13 03 06*,mineral-based chlorinated insulating and heat transmission oils other than those mentioned in 13 03 01,Used oils
13 03 07*,mineral-based non-chlorinated insulating and heat transmission oils,Used oils
13 03 08*,synthetic insulating and heat transmission oils,Used oils
13 03 09*,readily biodegradable insulating and heat transmission oils,Used oils
13 03 10*,other insulating and heat transmission oils,Used oils
13 04,bilge oils,
13 04 01*,bilge oils from inland navigation,Chemical wastes
13 04 02*,bilge oils from jetty sewers,Chemical wastes
13 04 03*,bilge oils from other navigation,Chemical wastes
13 05,oil/water separator contents,
13 05 01*,solids from grit chambers and oil/water separators,Chemical wastes
13 05 02*,sludges from oil/water separators,Chemical wastes
13 05 03*,interceptor sludges,Chemical wastes
13 05 06*,oil from oil/water separators,Used oils
13 05 07*,oily water from oil/water separators,Chemical wastes
13 05 08*,mixtures of wastes from grit chambers and oil/water separators,Chemical wastes
13 07,wastes of liquid fuels,
13 07 01*,fuel oil and diesel,Chemical wastes
13 07 02*,Petrol,Chemical wastes
13 07 03*,other fuels (including mixtures),Chemical wastes
13 08,oil wastes not otherwise specified,
13 08 01*,desalter sludges or emulsions,Chemical wastes
13 08 02*,other emulsions,Chemical wastes
13 08 99*,wastes not otherwise specified,Chemical wastes
14,"WASTE ORGANIC SOLVENTS, REFRIGERANTS AND PROPELLANTS (except 07 and 08)",
14 06,"waste organic solvents, refrigerants and foam/aerosol propellants",
14 06 01*,"chlorofluorocarbons, HCFC, HFC",Spent solvents
14 06 02*,other halogenated solvents and solvent mixtures,Spent solvents
14 06 03*,other solvents and solvent mixtures,Spent solvents
14 06 04*,sludges or solid wastes containing halogenated solvents,Spent solvents
14 06 05*,sludges or solid wastes containing other solvents,Spent solvents
15,"WASTE PACKAGING; ABSORBENTS, WIPING CLOTHS, FILTER MATERIALS AND PROTECTIVE CLOTHING NOT OTHERWISE SPECIFIED",
15 01,packaging (including separately collected municipal packaging waste),
15 01 01,paper and cardboard packaging,Paper and cardboard wastes
15 01 02,plastic packaging,Plastic wastes
15 01 03,wooden packaging,Wood wastes
15 01 04,metallic packaging,"Metallic wastes, mixed ferrous and non-ferrous"
15 01 05,composite packaging,Mixed and undifferentiated materials
15 01 06,mixed packaging,Mixed and undifferentiated materials
15 01 07,glass packaging,Glass wastes
15 01 09,textile packaging,Textile wastes
15 01 10*,packaging containing residues of or contaminated by hazardous substances,Chemical wastes
15 01 11*,"metallic packaging containing a hazardous solid porous matrix (for example asbestos), including empty pressure containers",Other mineral wastes
15 02,"absorbents, filter materials, wiping cloths and protective clothing",
15 02 02*,"absorbents, filter materials (including oil filters not otherwise specified), wiping cloths, protective clothing contaminated by hazardous substances",Chemical wastes
15 02 03,"absorbents, filter materials, wiping cloths and protective clothing other than those mentioned in 15 02 02",Chemical wastes
16,WASTES NOT OTHERWISE SPECIFIED IN THE LIST,
16 01,"end-of-life vehicles from different means of transport (including off-road machinery) and wastes from dismantling of end-of-life vehicles and vehicle maintenance (except 13, 14, 16 06 and 16 08)",
16 01 03,end-of-life tyres,Rubber wastes
16 01 04*,end-of-life vehicles,Discarded vehicles
16 01 06,"end-of-life vehicles, containing neither liquids nor other hazardous components",Discarded vehicles
16 01 07*,oil filters,"Discarded equipment (excluding discarded vehicles, batteries and accumulators wastes)"
16 01 08*,components containing mercury,"Discarded equipment (excluding discarded vehicles, batteries and accumulators wastes)"
16 01 09*,components containing PCBs,Waste containing PCB
16 01 10*,explosive components (for example air bags),"Discarded equipment (excluding discarded vehicles, batteries and accumulators wastes)"
16 01 11*,brake pads containing asbestos,Other mineral wastes
16 01 12,brake pads other than those mentioned in 16 01 11,"Discarded equipment (excluding discarded vehicles, batteries and accumulators wastes)"
16 01 13*,brake fluids,Chemical wastes
16 01 14*,antifreeze fluids containing hazardous substances,Chemical wastes
16 01 15,antifreeze fluids other than those mentioned in 16 01 14,Chemical wastes
16 01 16,tanks for liquefied gas,"Discarded equipment (excluding discarded vehicles, batteries and accumulators wastes)"
16 01 17,ferrous metal,"Metallic wastes, ferrous"
16 01 18,non-ferrous metal,"Metallic wastes, non-ferrous"
16 01 19,Plastic,Plastic wastes
16 01 20,Glass,Glass wastes
16 01 21*,hazardous components other than those mentioned in 16 01 07 to 16 01 11 and 16 01 13 and 16 01 14,"Discarded equipment (excluding discarded vehicles, batteries and accumulators wastes)"
16 01 22,components not otherwise specified,"Discarded equipment (excluding discarded vehicles, batteries and accumulators wastes)"
16 01 99,wastes not otherwise specified,Mixed and undifferentiated materials
16 02,wastes from electrical and electronic equipment,
16 02 09*,transformers and capacitors containing PCBs,Waste containing PCB
16 02 10*,discarded equipment containing or contaminated by PCBs other than those mentioned in 16 02 09,Waste containing PCB
16 02 11*,"discarded equipment containing chlorofluorocarbons, HCFC, HFC","Discarded equipment (excluding discarded vehicles, batteries and accumulators wastes)"
16 02 12*,discarded equipment containing free asbestos,Other mineral wastes
16 02 13*,discarded equipment containing hazardous components (1) other than those mentioned in 16 02 09 to 16 02 12,"Discarded equipment (excluding discarded vehicles, batteries and accumulators wastes)"
16 02 14,discarded equipment other than those mentioned in 16 02 09 to 16 02 13,"Discarded equipment (excluding discarded vehicles, batteries and accumulators wastes)"
16 02 15*,hazardous components removed from discarded equipment,"Discarded equipment (excluding discarded vehicles, batteries and accumulators wastes)"
16 02 16,components removed from discarded equipment other than those mentioned in 16 02 15,"Discarded equipment (excluding discarded vehicles, batteries and accumulators wastes)"
16 03,off-specification batches and unused products,
16 03 03*,inorganic wastes containing hazardous substances,Mixed and undifferentiated materials
16 03 04,inorganic wastes other than those mentioned in 16 03 03,Mixed and undifferentiated materials
16 03 05*,organic wastes containing hazardous substances,Mixed and undifferentiated materials
16 03 06,organic wastes other than those mentioned in 16 03 05,Mixed and undifferentiated materials
16 03 07*,metallic mercury,Uncategorised
16 04,waste explosives,
16 04 01*,waste ammunition,
16 04 02*,fireworks wastes,Chemical wastes
16 04 03*,other waste explosives,Chemical wastes
16 05,gases in pressure containers and discarded chemicals,
16 05 04*,gases in pressure containers (including halons) containing hazardous substances,Chemical wastes
16 05 05,gases in pressure containers other than those mentioned in 16 05 04,Chemical wastes
16 05 06*,"laboratory chemicals, consisting of or containing hazardous substances, including mixtures of laboratory chemicals",Chemical wastes
16 05 07*,discarded inorganic chemicals consisting of or containing hazardous substances,Chemical wastes
16 05 08*,discarded organic chemicals consisting of or containing hazardous substances,Chemical wastes
16 05 09,"discarded chemicals other than those mentioned in 16 05 06, 16 05 07 or 16 05 08",Chemical wastes
16 06,batteries and accumulators,
16 06 01*,lead batteries,Batteries and accumulators wastes
16 06 02*,Ni-Cd batteries,Batteries and accumulators wastes
16 06 03*,mercury-containing batteries,Batteries and accumulators wastes
16 06 04,alkaline batteries (except 16 06 03),Batteries and accumulators wastes
16 06 05,other batteries and accumulators,Batteries and accumulators wastes
16 06 06*,separately collected electrolyte from batteries and accumulators,"Acid, alkaline or saline wastes"
16 07,"wastes from transport tank, storage tank and barrel cleaning (except 05 and 13)",
16 07 08*,wastes containing oil,Industrial effluent sludges
16 07 09*,wastes containing other hazardous substances,Chemical wastes
16 07 99,wastes not otherwise specified,Mixed and undifferentiated materials
16 08,spent catalysts,
16 08 01,"spent catalysts containing gold, silver, rhenium, rhodium, palladium, iridium or platinum (except 16 08 07)",Chemical wastes
16 08 02*,spent catalysts containing hazardous transition metals or hazardous transition metal compounds,Chemical wastes
16 08 03,spent catalysts containing transition metals or transition metal compounds not otherwise specified,Chemical wastes
16 08 04,spent fluid catalytic cracking catalysts (except 16 08 07),Chemical wastes
16 08 05*,spent catalysts containing phosphoric acid,
16 08 06*,spent liquids used as catalysts,Chemical wastes
16 08 07*,spent catalysts contaminated with hazardous substances,Chemical wastes
16 09,oxidising substances,
16 09 01*,"permanganates, for example potassium permanganate","Acid, alkaline or saline wastes"
16 09 02*,"chromates, for example potassium chromate, potassium or sodium dichromate","Acid, alkaline or saline wastes"
16 09 03*,"peroxides, for example hydrogen peroxide",Chemical wastes
16 09 04*,"oxidising substances, not otherwise specified",Chemical wastes
16 10,aqueous liquid wastes destined for off-site treatment,
16 10 01*,aqueous liquid wastes containing hazardous substances,Industrial effluent sludges
16 10 02,aqueous liquid wastes other than those mentioned in 16 10 01,Industrial effluent sludges
16 10 03*,aqueous concentrates containing hazardous substances,Industrial effluent sludges
16 10 04,aqueous concentrates other than those mentioned in 16 10 03,Industrial effluent sludges
16 11,waste linings and refractories,
16 11 01*,carbon-based linings and refractories from metallurgical processes containing hazardous substances,
16 11 02,carbon-based linings and refractories from metallurgical processes others than those mentioned in 16 11 01,Other mineral wastes
16 11 03*,other linings and refractories from metallurgical processes containing hazardous substances,Other mineral wastes
16 11 04,other linings and refractories from metallurgical processes other than those mentioned in 16 11 03,
16 11 05*,linings and refractories from non-metallurgical processes containing hazardous substances,
16 11 06,linings and refractories from non-metallurgical processes others than those mentioned in 16 11 05,Other mineral wastes
17,CONSTRUCTION AND DEMOLITION WASTES (INCLUDING EXCAVATED SOIL FROM CONTAMINATED SITES),
17 01,"concrete, bricks, tiles and ceramics",
17 01 01,Concrete,Mineral waste from construction and demolition
17 01 02,Bricks,Mineral waste from construction and demolition
17 01 03,tiles and ceramics,Mineral waste from construction and demolition
17 01 06*,"mixtures of, or separate fractions of concrete, bricks, tiles and ceramics containing hazardous substances",Mineral waste from construction and demolition
17 01 07,"mixtures of concrete, bricks, tiles and ceramics other than those mentioned in 17 01 06",Mineral waste from construction and demolition
17 02,"wood, glass and plastic",
17 02 01,Wood,Wood wastes
17 02 02,Glass,Glass wastes
17 02 03,Plastic,Plastic wastes
17 02 04*,"glass, plastic and wood containing or contaminated with hazardous substances",Mineral waste from construction and demolition
17 03,"bituminous mixtures, coal tar and tarred products",
17 03 01*,bituminous mixtures containing coal tar,Mineral waste from construction and demolition
17 03 02,bituminous mixtures other than those mentioned in 17 03 01,Mineral waste from construction and demolition
17 03 03*,coal tar and tarred products,Mineral waste from construction and demolition
17 04,metals (including their alloys),
17 04 01,"copper, bronze, brass","Metallic wastes, non-ferrous"
17 04 02,Aluminium,"Metallic wastes, non-ferrous"
17 04 03,Lead,"Metallic wastes, non-ferrous"
17 04 04,Zinc,"Metallic wastes, non-ferrous"
17 04 05,iron and steel,"Metallic wastes, ferrous"
17 04 06,Tin,"Metallic wastes, non-ferrous"
17 04 07,mixed metals,"Metallic wastes, mixed ferrous and non-ferrous"
17 04 09*,metal waste contaminated with hazardous substances,Mixed and undifferentiated materials
17 04 10*,"cables containing oil, coal tar and other hazardous substances",Mixed and undifferentiated materials
17 04 11,cables other than those mentioned in 17 04 10,"Metallic wastes, non-ferrous"
17 05,"soil (including excavated soil from contaminated sites), stones and dredging spoil",
17 05 03*,soil and stones containing hazardous substances,Soils
17 05 04,soil and stones other than those mentioned in 17 05 03,Soils
17 05 05*,dredging spoil containing hazardous substances,Dredging spoils
17 05 06,dredging spoil other than those mentioned in 17 05 05,Dredging spoils
17 05 07*,track ballast containing hazardous substances,Mineral waste from construction and demolition
17 05 08,track ballast other than those mentioned in 17 05 07,Mineral waste from construction and demolition
17 06,insulation materials and asbestos-containing construction materials,
17 06 01*,insulation materials containing asbestos,Other mineral wastes
17 06 03*,other insulation materials consisting of or containing hazardous substances,Mineral waste from construction and demolition
17 06 04,insulation materials other than those mentioned in 17 06 01 and 17 06 03,Mineral waste from construction and demolition
17 06 05*,construction materials containing asbestos,Other mineral wastes
17 08,gypsum-based construction material,
17 08 01*,gypsum-based construction materials contaminated with hazardous substances,Mineral waste from construction and demolition
17 08 02,gypsum-based construction materials other than those mentioned in 17 08 01,Mineral waste from construction and demolition
17 09,other construction and demolition wastes,
17 09 01*,construction and demolition wastes containing mercury,
17 09 02*,"construction and demolition wastes containing PCB (for example PCB-containing sealants, PCB-containing resin-based floorings, PCB-containing sealed glazing units, PCB-containing capacitors)",
17 09 03*,other construction and demolition wastes (including mixed wastes) containing hazardous substances,Mineral waste from construction and demolition
17 09 04,"mixed construction and demolition wastes other than those mentioned in 17 09 01, 17 09 02 and 17 09 03",Mineral waste from construction and demolition
18,WASTES FROM HUMAN OR ANIMAL HEALTH CARE AND/OR RELATED RESEARCH (except kitchen and restaurant wastes not arising from immediate health care),
18 01,"wastes from natal care, diagnosis, treatment or prevention of disease in humans",
18 01 01,sharps (except 18 01 03),Health care and biological wastes
18 01 02,body parts and organs including blood bags and blood preserves (except 18 01 03),Health care and biological wastes
18 01 03*,wastes whose collection and disposal is subject to special requirements in order to prevent infection,Health care and biological wastes
18 01 04,"wastes whose collection and disposal is not subject to special requirements in order to prevent infection (for example dressings, plaster casts, linen, disposable clothing, diapers)",Health care and biological wastes
18 01 06*,chemicals consisting of or containing hazardous substances,Chemical wastes
18 01 07,chemicals other than those mentioned in 18 01 06,Chemical wastes
18 01 08*,cytotoxic and cytostatic medicines,Chemical wastes
18 01 09,medicines other than those mentioned in 18 01 08,Chemical wastes
18 01 10*,amalgam waste from dental care,Mixed and undifferentiated materials
18 02,"wastes from research, diagnosis, treatment or prevention of disease involving animals",
18 02 01,sharps (except 18 02 02),Health care and biological wastes
18 02 02*,wastes whose collection and disposal is subject to special requirements in order to prevent infection,Health care and biological wastes
18 02 03,wastes whose collection and disposal is not subject to special requirements in order to prevent infection,Health care and biological wastes
18 02 05*,chemicals consisting of or containing hazardous substances,Chemical wastes
18 02 06,chemicals other than those mentioned in 18 02 05,
18 02 07*,cytotoxic and cytostatic medicines,Chemical wastes
18 02 08,medicines other than those mentioned in 18 02 07,Chemical wastes
19,"WASTES FROM WASTE MANAGEMENT FACILITIES, OFF-SITE WASTE WATER TREATMENT PLANTS AND THE PREPARATION OF WATER INTENDED FOR HUMAN CONSUMPTION AND WATER FOR INDUSTRIAL USE",
19 01,wastes from incineration or pyrolysis of waste,
19 01 02,ferrous materials removed from bottom ash,"Metallic wastes, ferrous"
19 01 05*,filter cake from gas treatment,Mineral wastes from waste treatment and stabilised wastes
19 01 06*,aqueous liquid wastes from gas treatment and other aqueous liquid wastes,Mineral wastes from waste treatment and stabilised wastes
19 01 07*,solid wastes from gas treatment,Mineral wastes from waste treatment and stabilised wastes
19 01 10*,spent activated carbon from flue-gas treatment,Chemical wastes
19 01 11*,bottom ash and slag containing hazardous substances,Mineral wastes from waste treatment and stabilised wastes
19 01 12,bottom ash and slag other than those mentioned in 19 01 11,Mineral wastes from waste treatment and stabilised wastes
19 01 13*,fly ash containing hazardous substances,Mineral wastes from waste treatment and stabilised wastes
19 01 14,fly ash other than those mentioned in 19 01 13,Mineral wastes from waste treatment and stabilised wastes
19 01 15*,boiler dust containing hazardous substances,Mineral wastes from waste treatment and stabilised wastes
19 01 16,boiler dust other than those mentioned in 19 01 15,Mineral wastes from waste treatment and stabilised wastes
19 01 17*,pyrolysis wastes containing hazardous substances,Mineral wastes from waste treatment and stabilised wastes
19 01 18,pyrolysis wastes other than those mentioned in 19 01 17,
19 01 19,sands from fluidised beds,Mineral wastes from waste treatment and stabilised wastes
19 01 99,wastes not otherwise specified,Mixed and undifferentiated materials
19 02,"wastes from physico/chemical treatments of waste (including dechromatation, decyanidation, neutralisation)",
19 02 03,premixed wastes composed only of non-hazardous wastes,Sorting residues
19 02 04*,premixed wastes composed of at least one hazardous waste,Sorting residues
19 02 05*,sludges from physico/chemical treatment containing hazardous substances,Sludges and liquid wastes from waste treatment
19 02 06,sludges from physico/chemical treatment other than those mentioned in 19 02 05,Sludges and liquid wastes from waste treatment
19 02 07*,oil and concentrates from separation,Chemical wastes
19 02 08*,liquid combustible wastes containing hazardous substances,
19 02 09*,solid combustible wastes containing hazardous substances,Sorting residues
19 02 10,combustible wastes other than those mentioned in 19 02 08 and 19 02 09,Sorting residues
19 02 11*,other wastes containing hazardous substances,Sludges and liquid wastes from waste treatment
19 02 99,wastes not otherwise specified,Mixed and undifferentiated materials
19 03,stabilised/solidified wastes,
19 03 04*,"wastes marked as hazardous, partly stabilised other than 19 03 08",Mineral wastes from waste treatment and stabilised wastes
19 03 05,stabilised wastes other than those mentioned in 19 03 04,Mineral wastes from waste treatment and stabilised wastes
19 03 06*,"wastes marked as hazardous, solidified",
19 03 07,solidified wastes other than those mentioned in 19 03 06,
19 03 08*,partly stabilised mercury,
19 04,vitrified waste and wastes from vitrification,
19 04 01,vitrified waste,Mineral wastes from waste treatment and stabilised wastes
19 04 02*,fly ash and other flue-gas treatment wastes,Mineral wastes from waste treatment and stabilised wastes
19 04 03*,non-vitrified solid phase,
19 04 04,aqueous liquid wastes from vitrified waste tempering,
19 05,wastes from aerobic treatment of solid wastes,
19 05 01,non-composted fraction of municipal and similar wastes,Sorting residues
19 05 02,non-composted fraction of animal and vegetable waste,Sorting residues
19 05 03,off-specification compost,Sorting residues
19 05 99,wastes not otherwise specified,Mixed and undifferentiated materials
19 06,wastes from anaerobic treatment of waste,
19 06 03,liquor from anaerobic treatment of municipal waste,Sludges and liquid wastes from waste treatment
19 06 04,digestate from anaerobic treatment of municipal waste,Sludges and liquid wastes from waste treatment
19 06 05,liquor from anaerobic treatment of animal and vegetable waste,Sludges and liquid wastes from waste treatment
19 06 06,digestate from anaerobic treatment of animal and vegetable waste,Sludges and liquid wastes from waste treatment
19 06 99,wastes not otherwise specified,Mixed and undifferentiated materials
19 07,landfill leachate,
19 07 02*,landfill leachate containing hazardous substances,Sludges and liquid wastes from waste treatment
19 07 03,landfill leachate other than those mentioned in 19 07 02,Sludges and liquid wastes from waste treatment
19 08,wastes from waste water treatment plants not otherwise specified,
19 08 01,Screenings,Mixed and undifferentiated materials
19 08 02,waste from desanding,Other mineral wastes
19 08 05,sludges from treatment of urban waste water,Common sludges
19 08 06*,saturated or spent ion exchange resins,Chemical wastes
19 08 07*,solutions and sludges from regeneration of ion exchangers,
19 08 08*,membrane system waste containing heavy metals,
19 08 09,grease and oil mixture from oil/water separation containing only edible oil and fats,Animal and mixed food waste
19 08 10*,grease and oil mixture from oil/water separation other than those mentioned in 19 08 09,Industrial effluent sludges
19 08 11*,sludges containing hazardous substances from biological treatment of industrial waste water,
19 08 12,sludges from biological treatment of industrial waste water other than those mentioned in 19 08 11,Industrial effluent sludges
19 08 13*,sludges containing hazardous substances from other treatment of industrial waste water,Industrial effluent sludges
19 08 14,sludges from other treatment of industrial waste water other than those mentioned in 19 08 13,Industrial effluent sludges
19 08 99,wastes not otherwise specified,Mixed and undifferentiated materials
19 09,wastes from the preparation of water intended for human consumption or water for industrial use,
19 09 01,solid waste from primary filtration and screenings,Other mineral wastes
19 09 02,sludges from water clarification,Common sludges
19 09 03,sludges from decarbonation,Chemical wastes
19 09 04,spent activated carbon,Chemical wastes
19 09 05,saturated or spent ion exchange resins,Chemical wastes
19 09 06,solutions and sludges from regeneration of ion exchangers,
19 09 99,wastes not otherwise specified,Mixed and undifferentiated materials
19 10,wastes from shredding of metal-containing wastes,
19 10 01,iron and steel waste,"Metallic wastes, ferrous"
19 10 02,non-ferrous waste,"Metallic wastes, non-ferrous"
19 10 03*,fluff-light fraction and dust containing hazardous substances,
19 10 04,fluff-light fraction and dust other than those mentioned in 19 10 03,Sorting residues
19 10 05*,other fractions containing hazardous substances,
19 10 06,other fractions other than those mentioned in 19 10 05,Sorting residues
19 11,wastes from oil regeneration,
19 11 01*,spent filter clays,
19 11 02*,acid tars,
19 11 03*,aqueous liquid wastes,Industrial effluent sludges
19 11 04*,wastes from cleaning of fuel with bases,
19 11 05*,sludges from on-site effluent treatment containing hazardous substances,Sludges and liquid wastes from waste treatment
19 11 06,sludges from on-site effluent treatment other than those mentioned in 19 11 05,
19 11 07*,wastes from flue-gas cleaning,
19 11 99,wastes not otherwise specified,
19 12,"wastes from the mechanical treatment of waste (for example sorting, crushing, compacting, pelletising) not otherwise specified",
19 12 01,paper and cardboard,Paper and cardboard wastes
19 12 02,ferrous metal,"Metallic wastes, ferrous"
19 12 03,non-ferrous metal,"Metallic wastes, non-ferrous"
19 12 04,plastic and rubber,Plastic wastes
19 12 05,Glass,Glass wastes
19 12 06*,wood containing hazardous substances,Wood wastes
19 12 07,wood other than that mentioned in 19 12 06,Wood wastes
19 12 08,Textiles,Textile wastes
19 12 09,"minerals (for example sand, stones)",Mineral wastes from waste treatment and stabilised wastes
19 12 10,combustible waste (refuse derived fuel),Sorting residues
19 12 11*,other wastes (including mixtures of materials) from mechanical treatment of waste containing hazardous substances,Sorting residues
19 12 12,other wastes (including mixtures of materials) from mechanical treatment of wastes other than those mentioned in 19 12 11,Sorting residues
19 13,wastes from soil and groundwater remediation,
19 13 01*,solid wastes from soil remediation containing hazardous substances,Other mineral wastes
19 13 02,solid wastes from soil remediation other than those mentioned in 19 13 01,Other mineral wastes
19 13 03*,sludges from soil remediation containing hazardous substances,
19 13 04,sludges from soil remediation other than those mentioned in 19 13 03,
19 13 05*,sludges from groundwater remediation containing hazardous substances,
19 13 06,sludges from groundwater remediation other than those mentioned in 19 13 05,
19 13 07*,aqueous liquid wastes and aqueous concentrates from groundwater remediation containing hazardous substances,
19 13 08,aqueous liquid wastes and aqueous concentrates from groundwater remediation other than those mentioned in 19 13 07,Industrial effluent sludges
20,"MUNICIPAL WASTES (HOUSEHOLD WASTE AND SIMILAR COMMERCIAL, INDUSTRIAL AND INSTITUTIONAL WASTES) INCLUDING SEPARATELY COLLECTED FRACTIONS",
20 01,separately collected fractions (except 15 01),
20 01 01,paper and cardboard,Paper and cardboard wastes
20 01 02,Glass,Glass wastes
20 01 08,biodegradable kitchen and canteen waste,Animal and mixed food waste
20 01 10,Clothes,Textile wastes
20 01 11,Textiles,Textile wastes
20 01 13*,Solvents,Spent solvents
20 01 14*,Acids,"Acid, alkaline or saline wastes"
20 01 15*,Alkalines,"Acid, alkaline or saline wastes"
20 01 17*,Photochemicals,Chemical wastes
20 01 19*,Pesticides,Chemical wastes
20 01 21*,fluorescent tubes and other mercury-containing waste,"Discarded equipment (excluding discarded vehicles, batteries and accumulators wastes)"
20 01 23*,discarded equipment containing chlorofluorocarbons,"Discarded equipment (excluding discarded vehicles, batteries and accumulators wastes)"
20 01 25,edible oil and fat,Animal and mixed food waste
20 01 26*,oil and fat other than those mentioned in 20 01 25,Used oils
20 01 27*,"paint, inks, adhesives and resins containing hazardous substances",Chemical wastes
20 01 28,"paint, inks, adhesives and resins other than those mentioned in 20 01 27",Chemical wastes
20 01 29*,detergents containing hazardous substances,Chemical wastes
20 01 30,detergents other than those mentioned in 20 01 29,Chemical wastes
20 01 31*,cytotoxic and cytostatic medicines,Chemical wastes
20 01 32,medicines other than those mentioned in 20 01 31,Chemical wastes
20 01 33*,"batteries and accumulators included in 16 06 01, 16 06 02 or 16 06 03 and unsorted batteries and accumulators containing these batteries",Batteries and accumulators wastes
20 01 34,batteries and accumulators other than those mentioned in 20 01 33,Batteries and accumulators wastes
20 01 35*,discarded electrical and electronic equipment other than those mentioned in 20 01 21 and 20 01 23 containing hazardous components (1),"Discarded equipment (excluding discarded vehicles, batteries and accumulators wastes)"
20 01 36,"discarded electrical and electronic equipment other than those mentioned in 20 01 21, 20 01 23 and 20 01 35","Discarded equipment (excluding discarded vehicles, batteries and accumulators wastes)"
20 01 37*,wood containing hazardous substances,Wood wastes
20 01 38,wood other than that mentioned in 20 01 37,Wood wastes
20 01 39,Plastics,Plastic wastes
20 01 40,Metals,"Metallic wastes, mixed ferrous and non-ferrous"
20 01 41,wastes from chimney sweeping,Chemical wastes
20 01 99,other fractions not otherwise specified,Mixed and undifferentiated materials
20 02,garden and park wastes (including cemetery waste),
20 02 01,biodegradable waste,Vegetal wastes
20 02 02,soil and stones,Soils
20 02 03,other non-biodegradable wastes,Other mineral wastes
20 03,other municipal wastes,
20 03 01,mixed municipal waste,Household and similar wastes
20 03 02,waste from markets,Household and similar wastes
20 03 03,street-cleaning residues,Household and similar wastes
20 03 04,septic tank sludge,Common sludges
20 03 06,waste from sewage cleaning,Common sludges
20 03 07,bulky waste,Household and similar wastes
20 03 99,municipal wastes not otherwise specified,Household and similar wastes
