region,year,count
North Ayrshire,2011,138090
Dundee City,2011,147200
West Dunbartonshire,2011,90610
East Dunbartonshire,2011,105000
Clackmannanshire,2011,51500
Renfrewshire,2011,174700
Aberdeenshire,2011,253650
Outer Hebrides,2011,27690
Moray,2011,93470
Argyll and Bute,2011,88930
South Lanarkshire,2011,313900
Angus,2011,116200
City of Edinburgh,2011,477940
Orkney Islands,2011,21420
Scottish Borders,2011,113880
Highland,2011,232730
South Ayrshire,2011,112980
Inverclyde,2011,81220
East Lothian,2011,99920
Stirling,2011,90330
North Lanarkshire,2011,337720
Glasgow City,2011,593060
Perth and Kinross,2011,146850
Fife,2011,365300
East Ayrshire,2011,122690
Aberdeen City,2011,222460
West Lothian,2011,175300
East Renfrewshire,2011,90810
Midlothian,2011,83450
Falkirk,2011,156250
Dumfries and Galloway,2011,151410
Shetland Islands,2011,23240
Clackmannanshire,2012,51280
Midlothian,2012,84240
Shetland Islands,2012,23210
Outer Hebrides,2012,27560
South Ayrshire,2012,112920
Scottish Borders,2012,113720
Moray,2012,92930
City of Edinburgh,2012,482630
Renfrewshire,2012,174300
Aberdeenshire,2012,255560
Angus,2012,116220
East Ayrshire,2012,122730
East Renfrewshire,2012,91040
Argyll and Bute,2012,86910
North Ayrshire,2012,137570
Falkirk,2012,156800
Perth and Kinross,2012,147740
Dumfries and Galloway,2012,150840
Fife,2012,366210
Inverclyde,2012,80690
Glasgow City,2012,595070
Stirling,2012,91010
North Lanarkshire,2012,337890
South Lanarkshire,2012,314330
East Lothian,2012,100860
Highland,2012,232890
Dundee City,2012,147780
West Lothian,2012,176010
Orkney Islands,2012,21530
Aberdeen City,2012,224910
East Dunbartonshire,2012,105880
West Dunbartonshire,2012,90340
Aberdeen City,2013,227070
Midlothian,2013,84710
Dundee City,2013,148100
City of Edinburgh,2013,487460
Angus,2013,116290
Outer Hebrides,2013,27400
East Renfrewshire,2013,91530
Stirling,2013,91230
Falkirk,2013,157160
Perth and Kinross,2013,147770
Fife,2013,366900
Glasgow City,2013,596520
North Lanarkshire,2013,337780
South Ayrshire,2013,112870
North Ayrshire,2013,136940
Renfrewshire,2013,173890
East Dunbartonshire,2013,105840
Moray,2013,94360
Highland,2013,232930
East Lothian,2013,101390
Argyll and Bute,2013,88050
Orkney Islands,2013,21560
Dumfries and Galloway,2013,150280
Clackmannanshire,2013,51280
West Lothian,2013,176160
Aberdeenshire,2013,257770
South Lanarkshire,2013,314810
Inverclyde,2013,80340
Scottish Borders,2013,113880
West Dunbartonshire,2013,89800
Shetland Islands,2013,23200
East Ayrshire,2013,122430
East Ayrshire,2014,122130
Argyll and Bute,2014,87650
Scottish Borders,2014,114040
East Dunbartonshire,2014,106710
City of Edinburgh,2014,492610
Stirling,2014,91520
Moray,2014,94770
Highland,2014,233080
East Renfrewshire,2014,92410
North Ayrshire,2014,136480
Aberdeen City,2014,228920
Outer Hebrides,2014,27250
Shetland Islands,2014,23220
South Ayrshire,2014,112530
Angus,2014,116740
Clackmannanshire,2014,51190
East Lothian,2014,102090
Midlothian,2014,86220
Falkirk,2014,157690
Aberdeenshire,2014,260530
Perth and Kinross,2014,148930
Fife,2014,367250
Glasgow City,2014,599640
North Lanarkshire,2014,338000
Renfrewshire,2014,174230
West Lothian,2014,177200
Inverclyde,2014,79890
South Lanarkshire,2014,315300
Dundee City,2014,148130
Orkney Islands,2014,21580
West Dunbartonshire,2014,89710
Dumfries and Galloway,2014,149960
East Lothian,2015,103050
Dundee City,2015,148210
Moray,2015,95510
West Dunbartonshire,2015,89590
City of Edinburgh,2015,498810
West Lothian,2015,178550
Clackmannanshire,2015,51360
Orkney Islands,2015,21670
Glasgow City,2015,606340
Highland,2015,234110
East Renfrewshire,2015,92940
Dumfries and Galloway,2015,149670
South Ayrshire,2015,112400
East Ayrshire,2015,122060
North Lanarkshire,2015,338260
Outer Hebrides,2015,27070
Argyll and Bute,2015,86890
Scottish Borders,2015,114030
Stirling,2015,92830
Perth and Kinross,2015,149930
Fife,2015,368080
North Ayrshire,2015,136130
Midlothian,2015,87390
Falkirk,2015,158460
Aberdeen City,2015,230350
Inverclyde,2015,79500
Shetland Islands,2015,23200
Aberdeenshire,2015,261960
Angus,2015,116900
South Lanarkshire,2015,316230
East Dunbartonshire,2015,106960
Renfrewshire,2015,174560
East Dunbartonshire,2016,107540
Perth and Kinross,2016,150680
Fife,2016,370330
West Lothian,2016,180130
West Dunbartonshire,2016,89860
Dundee City,2016,148270
Angus,2016,116520
East Ayrshire,2016,122200
East Lothian,2016,104090
Clackmannanshire,2016,51350
Dumfries and Galloway,2016,149520
Falkirk,2016,159380
Highland,2016,234770
East Renfrewshire,2016,93810
Outer Hebrides,2016,26900
Scottish Borders,2016,114530
Orkney Islands,2016,21850
South Ayrshire,2016,112470
Shetland Islands,2016,23200
Midlothian,2016,88610
Inverclyde,2016,79160
North Ayrshire,2016,135890
Moray,2016,96070
Argyll and Bute,2016,87130
Aberdeenshire,2016,262190
Renfrewshire,2016,175930
City of Edinburgh,2016,507170
Stirling,2016,93750
South Lanarkshire,2016,317100
Aberdeen City,2016,229840
Glasgow City,2016,615070
North Lanarkshire,2016,339390
Renfrewshire,2017,176830
Scottish Borders,2017,115020
Orkney Islands,2017,22000
South Ayrshire,2017,112680
Shetland Islands,2017,23080
Moray,2017,95780
Midlothian,2017,90090
North Ayrshire,2017,135790
Outer Hebrides,2017,26950
Perth and Kinross,2017,151100
Fife,2017,371410
Glasgow City,2017,621020
North Lanarkshire,2017,339960
Stirling,2017,94000
South Lanarkshire,2017,318170
West Lothian,2017,181310
West Dunbartonshire,2017,89610
City of Edinburgh,2017,513210
Argyll and Bute,2017,86810
Dumfries and Galloway,2017,149200
Clackmannanshire,2017,51450
Aberdeen City,2017,228800
Angus,2017,116280
Aberdeenshire,2017,261800
Falkirk,2017,160130
East Renfrewshire,2017,94760
Inverclyde,2017,78760
Highland,2017,235180
East Ayrshire,2017,121940
Dundee City,2017,148710
East Lothian,2017,104840
East Dunbartonshire,2017,108130
City of Edinburgh,2018,518500
Renfrewshire,2018,177790
Argyll and Bute,2018,86260
West Lothian,2018,182140
West Dunbartonshire,2018,89130
Stirling,2018,94330
South Lanarkshire,2018,319020
Aberdeenshire,2018,261470
Aberdeen City,2018,227560
Glasgow City,2018,626410
Perth and Kinross,2018,151290
North Lanarkshire,2018,340180
Dundee City,2018,148750
Angus,2018,116040
Fife,2018,371910
East Dunbartonshire,2018,108330
Outer Hebrides,2018,26830
East Renfrewshire,2018,95170
Highland,2018,235540
Falkirk,2018,160340
Dumfries and Galloway,2018,148790
Clackmannanshire,2018,51400
East Lothian,2018,105790
East Ayrshire,2018,121840
Scottish Borders,2018,115270
Orkney Islands,2018,22190
South Ayrshire,2018,112550
Shetland Islands,2018,22990
Midlothian,2018,91340
Inverclyde,2018,78150
North Ayrshire,2018,135280
Moray,2018,95520
North Ayrshire,2019,134740
North Lanarkshire,2019,341370
Outer Hebrides,2019,26720
Perth and Kinross,2019,151950
Orkney Islands,2019,22270
Inverclyde,2019,77800
Highland,2019,235830
Moray,2019,95820
Midlothian,2019,92460
Stirling,2019,94210
South Lanarkshire,2019,320530
West Lothian,2019,183100
West Dunbartonshire,2019,88930
Scottish Borders,2019,115510
Renfrewshire,2019,179100
South Ayrshire,2019,112610
Shetland Islands,2019,22920
City of Edinburgh,2019,524930
Argyll and Bute,2019,85870
Dumfries and Galloway,2019,148860
Clackmannanshire,2019,51540
Aberdeen City,2019,228670
Angus,2019,116200
Aberdeenshire,2019,261210
Falkirk,2019,160890
East Renfrewshire,2019,95530
Glasgow City,2019,633120
Fife,2019,373550
East Ayrshire,2019,122010
Dundee City,2019,149320
East Lothian,2019,107090
East Dunbartonshire,2019,108640
