{
  "@context": "http://www.w3.org/ns/csvw",
  "url": "ace-furniture-count.csv",
  "tableSchema": {
    "columns": [{
      "name": "yyyyMmDd",
      "titles": "yyyy-MM-dd",
      "datatype": "string",
      "propertyUrl": "http://wastemattersscotland.org/linked-data/property/hasYyyyMmDd"
    }, {
      "name": "category",
      "titles": "category",
      "datatype": "string",
      "propertyUrl": "http://wastemattersscotland.org/linked-data/property/hasCategory"
    }, {
      "name": "item",
      "titles": "item",
      "datatype": "string",
      "propertyUrl": "http://wastemattersscotland.org/linked-data/property/hasItem"
    }, {
      "name": "count",
      "titles": "count",
      "datatype": "integer",
      "required": true,
      "propertyUrl": "http://wastemattersscotland.org/linked-data/property/hasCount"
    }, {
      "virtual": true,
      "propertyUrl": "http://wastemattersscotland.org/linked-data/property/hasMeta",
      "valueUrl": "http://wastemattersscotland.org/linked-data/entity/meta/ace-furniture-count"
    }],
    "primaryKey": ["category", "item", "yyyyMmDd"], 
    "aboutUrl": "http://wastemattersscotland.org/linked-data/entity/ace-furniture-count/{category}/{item}/{yyyyMmDd}"
  }
}