{
  "@context": "http://www.w3.org/ns/csvw",
  "url": "business-waste-by-region.csv",
  "tableSchema": {
    "columns": [{
      "name": "region",
      "titles": "region",
      "datatype": "string",
      "propertyUrl": "http://wastemattersscotland.org/linked-data/property/hasRegion",
      "valueUrl": "http://wastemattersscotland.org/linked-data/entity/region/{region}"
    }, {
      "name": "year",
      "titles": "year",
      "datatype": "integer",
      "propertyUrl": "http://wastemattersscotland.org/linked-data/property/hasYear"
    }, {
      "name": "material",
      "titles": "material",
      "datatype": "string",
      "propertyUrl": "http://wastemattersscotland.org/linked-data/property/hasMaterial",
      "valueUrl": "http://wastemattersscotland.org/linked-data/entity/sepa-material/{material}"
    }, {
      "name": "tonnes",
      "titles": "tonnes",
      "datatype": "decimal",
      "required": true,
      "propertyUrl": "http://wastemattersscotland.org/linked-data/property/hasTonnes"
    }, {
      "virtual": true,
      "propertyUrl": "http://wastemattersscotland.org/linked-data/property/hasMeta",
      "valueUrl": "http://wastemattersscotland.org/linked-data/entity/meta/business-waste-by-region"
    }],
    "primaryKey": ["region", "year", "material"],
    "foreignKeys": [{
      "columnReference": "region",
      "reference": {
        "resource": "region.csv",
        "columnReference": "region"
      }
    }, {
      "columnReference": "material",
      "reference": {
        "resource": "sepa-material.csv",
        "columnReference": "material"
      }
    }],
    "aboutUrl": "http://wastemattersscotland.org/linked-data/entity/business-waste-by-region/{region}/{year}/{material}"
  }
}