{
  "@context": "http://www.w3.org/ns/csvw",
  "url": "household-co2e.csv",
  "tableSchema": {
    "columns": [{
      "name": "region",
      "titles": "region",
      "datatype": "string",
      "propertyUrl": "http://wastemattersscotland.org/linked-data/property/hasRegion",
      "valueUrl": "http://wastemattersscotland.org/linked-data/entity/region/{region}"
    }, {
      "name": "year",
      "titles": "year",
      "datatype": "integer",
      "propertyUrl": "http://wastemattersscotland.org/linked-data/property/hasYear"
    }, {
      "name": "tonnes",
      "titles": "tonnes",
      "datatype": "decimal",
      "required": true,
      "propertyUrl": "http://wastemattersscotland.org/linked-data/property/hasTonnes"
    }, {
      "virtual": true,
      "propertyUrl": "http://wastemattersscotland.org/linked-data/property/hasMeta",
      "valueUrl": "http://wastemattersscotland.org/linked-data/entity/meta/household-co2e"
    }],
    "primaryKey": ["region", "year"],
    "foreignKeys": [{
      "columnReference": "region",
      "reference": {
        "resource": "region.csv",
        "columnReference": "region"
      }
    }],
    "aboutUrl": "http://wastemattersscotland.org/linked-data/entity/household-co2e/{region}/{year}"
  }
}