{
  "@context": "http://www.w3.org/ns/csvw",
  "url": "meta.csv",
  "tableSchema": {
    "columns": [{
      "name": "name", 
      "titles": "dataset", 
      "datatype": "string",
      "propertyUrl": "http://wastemattersscotland.org/linked-data/property/hasName"
    }, {
      "name": "description", 
      "titles": "description", 
      "datatype": "string",
      "propertyUrl": "http://wastemattersscotland.org/linked-data/property/hasDescription"
    }, {
      "name": "suppliedDate", 
      "titles": "supplied-date", 
      "datatype": "string",
      "propertyUrl": "http://wastemattersscotland.org/linked-data/property/hasSuppliedDate"
    }, {
      "name": "maxDateInData", 
      "titles": "max-date-in-data", 
      "datatype": "string",
      "propertyUrl": "http://wastemattersscotland.org/linked-data/property/hasMaxDateInData"
    }, {
      "name": "creator", 
      "titles": "creator", 
      "datatype": "string",
      "propertyUrl": "http://wastemattersscotland.org/linked-data/property/hasCreator"
    }, {
      "name": "supplier", 
      "titles": "supplier", 
      "datatype": "string",
      "propertyUrl": "http://wastemattersscotland.org/linked-data/property/hasSupplier"
    }, {
      "name": "supplyUrl", 
      "titles": "supply-url", 
      "datatype": "string",
      "propertyUrl": "http://wastemattersscotland.org/linked-data/property/hasSupplyUrl"
    }, {
      "name": "licence", 
      "titles": "licence", 
      "datatype": "string",
      "propertyUrl": "http://wastemattersscotland.org/linked-data/property/hasLicence"
    }, {
      "name": "licenceUrl", 
      "titles": "licence-url", 
      "datatype": "string",
      "propertyUrl": "http://wastemattersscotland.org/linked-data/property/hasLicenceUrl"
    }, {
      "name": "sourcingNotes", 
      "titles": "notes", 
      "datatype": "string",
      "propertyUrl": "http://wastemattersscotland.org/linked-data/property/hasSourcingNotes"
    }, {
      "name": "recordCount", 
      "titles": "record-count", 
      "datatype": "integer",
      "propertyUrl": "http://wastemattersscotland.org/linked-data/property/hasRecordCount"
    }, {
      "name": "attributeCount", 
      "titles": "attribute-count", 
      "datatype": "integer",
      "propertyUrl": "http://wastemattersscotland.org/linked-data/property/hasAttributeCount"
    }],
    "primaryKey": "name",
    "aboutUrl": "http://wastemattersscotland.org/linked-data/entity/meta/{name}"
  }
}