{
  "@context": "http://www.w3.org/ns/csvw",
  "url": "waste-site-io.csv",
  "tableSchema": {
    "columns": [{
      "name": "region",
      "titles": "region",
      "datatype": "string",
      "required": true,
      "propertyUrl": "http://wastemattersscotland.org/linked-data/property/hasRegion",
      "valueUrl": "http://wastemattersscotland.org/linked-data/entity/region/{region}"
    }, {
      "name": "year",
      "titles": "year",
      "datatype": "integer",
      "propertyUrl": "http://wastemattersscotland.org/linked-data/property/hasYear"
    }, {
      "name": "siteName",
      "titles": "site-name",
      "datatype": "string",
      "required": true,
      "propertyUrl": "http://wastemattersscotland.org/linked-data/property/hasName"
    }, {
      "name": "permit",
      "titles": "permit",
      "datatype": "string",
      "propertyUrl": "http://wastemattersscotland.org/linked-data/property/hasPermit"
    }, {
      "name": "status",
      "titles": "status",
      "datatype": "string",
      "propertyUrl": "http://wastemattersscotland.org/linked-data/property/hasStatus"
    }, {
      "name": "latitude",
      "titles": "latitude",
      "datatype": "decimal",
      "required": true,
      "propertyUrl": "http://wastemattersscotland.org/linked-data/property/hasLatitude"
    }, {
      "name": "longitude",
      "titles": "longitude",
      "datatype": "decimal",
      "required": true,
      "propertyUrl": "http://wastemattersscotland.org/linked-data/property/hasLongitude"
    }, {
      "name": "operator",
      "titles": "operator",
      "datatype": "string",
      "required": true,
      "propertyUrl": "http://wastemattersscotland.org/linked-data/property/hasOperator"
    }, {
      "name": "activities",
      "titles": "activities",
      "datatype": "string",
      "propertyUrl": "http://wastemattersscotland.org/linked-data/property/hasActivities"
    }, {
      "name": "accepts",
      "titles": "accepts",
      "datatype": "string",
      "propertyUrl": "http://wastemattersscotland.org/linked-data/property/hasAccepts"
    }, {
      "name": "tonnesInput",
      "titles": "tonnes-input",
      "datatype": "decimal",
      "required": true,
      "propertyUrl": "http://wastemattersscotland.org/linked-data/property/hasTonnesInput"
    }, {
      "name": "tonnesTreatedRecovered",
      "titles": "tonnes-treated-recovered",
      "datatype": "decimal",
      "required": true,
      "propertyUrl": "http://wastemattersscotland.org/linked-data/property/hasTonnesTreatedRecovered"
    }, {
      "name": "tonnesOutput",
      "titles": "tonnes-output",
      "datatype": "decimal",
      "required": true,
      "propertyUrl": "http://wastemattersscotland.org/linked-data/property/hasTonnesOutput"
    }, {
      "virtual": true,
      "propertyUrl": "http://wastemattersscotland.org/linked-data/property/hasMeta",
      "valueUrl": "http://wastemattersscotland.org/linked-data/entity/meta/waste-site-io"
    }],
    "primaryKey": ["permit", "year"],
    "aboutUrl": "http://wastemattersscotland.org/linked-data/entity/waste-site-io/{permit}/{year}"
  }
}